MATERIAL;EAN;IMAGEN_GRANDE;MARCA;CARACTERISTICA
656578;7701584003373;https://aatdtkgdoo.cloudimg.io/v7/http://www.gef.com.co/wcsstore/CrystalCo_CAT_AS/2019/GEF/ES-CO/Imagenes/Hombres/CAMISETAS/Henley/1000x1263/Camiseta-hombre-Henley-blanco-900-Modelo-GEF.jpg?sharp=1&height=400&width=400;GEF;MANGA CORTA
660074;7701701669901;https://aatdtkgdoo.cloudimg.io/v7/http://www.puntoblanco.com.co/wcsstore/CrystalCo_CAT_AS/PBC/ES-CO/Imagenes/Hombres/Buzos_Chaquetas/Brothers/1000x1263/Buzo-Hombre-Brothers-Negro-Jaspe-Mock-Twist-7345-Frente-Punto-Blanco.jpg?sharp=1&height=400&width=400;PUNTO BLANCO;CON CAPUCHA
660074;7701701669925;https://aatdtkgdoo.cloudimg.io/v7/http://www.puntoblanco.com.co/wcsstore/CrystalCo_CAT_AS/PBC/ES-CO/Imagenes/Hombres/Buzos_Chaquetas/Brothers/1000x1263/Buzo-Hombre-Brothers-Negro-Jaspe-Mock-Twist-7345-Frente-Punto-Blanco.jpg?sharp=1&height=400&width=400;PUNTO BLANCO;CON CAPUCHA
660074;7701701670006;https://aatdtkgdoo.cloudimg.io/v7/http://www.puntoblanco.com.co/wcsstore/CrystalCo_CAT_AS/PBC/ES-CO/Imagenes/Hombres/Buzos_Chaquetas/Brothers/1000x1263/Buzo-Hombre-Brothers-Negro-Jaspe-Mock-Twist-7345-Frente-Punto-Blanco.jpg?sharp=1&height=400&width=400;PUNTO BLANCO;CON CAPUCHA
660074;7701701670020;https://aatdtkgdoo.cloudimg.io/v7/http://www.puntoblanco.com.co/wcsstore/CrystalCo_CAT_AS/PBC/ES-CO/Imagenes/Hombres/Buzos_Chaquetas/Brothers/1000x1263/Buzo-Hombre-Brothers-Negro-Jaspe-Mock-Twist-7345-Frente-Punto-Blanco.jpg?sharp=1&height=400&width=400;PUNTO BLANCO;CON CAPUCHA
701008;7701701836884;https://aatdtkgdoo.cloudimg.io/v7/http://www.gef.com.co/wcsstore/CrystalCo_CAT_AS/Gef/ES-CO/Imagenes/Kids/Ninos/BERMUDAS/Wender_Kd/1000x1263/Pantalon-Ninos-Wender-Kd-Tan-8209-Frente-Gef.jpg?sharp=1&height=400&width=400;GEF;
701008;7701701836891;https://aatdtkgdoo.cloudimg.io/v7/http://www.gef.com.co/wcsstore/CrystalCo_CAT_AS/Gef/ES-CO/Imagenes/Kids/Ninos/BERMUDAS/Wender_Kd/1000x1263/Pantalon-Ninos-Wender-Kd-Tan-8209-Frente-Gef.jpg?sharp=1&height=400&width=400;GEF;
701008;7701701836907;https://aatdtkgdoo.cloudimg.io/v7/http://www.gef.com.co/wcsstore/CrystalCo_CAT_AS/Gef/ES-CO/Imagenes/Kids/Ninos/BERMUDAS/Wender_Kd/1000x1263/Pantalon-Ninos-Wender-Kd-Tan-8209-Frente-Gef.jpg?sharp=1&height=400&width=400;GEF;
701008;7701701836914;https://aatdtkgdoo.cloudimg.io/v7/http://www.gef.com.co/wcsstore/CrystalCo_CAT_AS/Gef/ES-CO/Imagenes/Kids/Ninos/BERMUDAS/Wender_Kd/1000x1263/Pantalon-Ninos-Wender-Kd-Tan-8209-Frente-Gef.jpg?sharp=1&height=400&width=400;GEF;
701008;7701701836921;https://aatdtkgdoo.cloudimg.io/v7/http://www.gef.com.co/wcsstore/CrystalCo_CAT_AS/Gef/ES-CO/Imagenes/Kids/Ninos/BERMUDAS/Wender_Kd/1000x1263/Pantalon-Ninos-Wender-Kd-Tan-8209-Frente-Gef.jpg?sharp=1&height=400&width=400;GEF;
700962;7703081052953;https://aatdtkgdoo.cloudimg.io/v7/http://www.gef.com.co/wcsstore/CrystalCo_CAT_AS/2019/Gef/ES-CO/Imagenes/Junior_Femenino/BERMUDAS/Godi_Jr/1000x1263/Bermuda-Junior-Femenino-Godi-Jr-Azul-Marino-5430-Frente-Gef.jpg?sharp=1&height=400&width=400;GEF;
700962;7703081052977;https://aatdtkgdoo.cloudimg.io/v7/http://www.gef.com.co/wcsstore/CrystalCo_CAT_AS/2019/Gef/ES-CO/Imagenes/Junior_Femenino/BERMUDAS/Godi_Jr/1000x1263/Bermuda-Junior-Femenino-Godi-Jr-Azul-Marino-5430-Frente-Gef.jpg?sharp=1&height=400&width=400;GEF;
700962;7703081052991;https://aatdtkgdoo.cloudimg.io/v7/http://www.gef.com.co/wcsstore/CrystalCo_CAT_AS/2019/Gef/ES-CO/Imagenes/Junior_Femenino/BERMUDAS/Godi_Jr/1000x1263/Bermuda-Junior-Femenino-Godi-Jr-Azul-Marino-5430-Frente-Gef.jpg?sharp=1&height=400&width=400;GEF;
720107;7703081246963;https://aatdtkgdoo.cloudimg.io/v7/http://www.gef.com.co/wcsstore/CrystalCo_CAT_AS/2019/Gef/ES-CO/Imagenes/Ninas/CAMISETAS/Lomego_Kd/1000x1263/Camiseta-Nina-Lomego-Kd-Blanco-908-Frente-Gef.jpg?sharp=1&height=400&width=400;GEF;MANGA CORTA
720107;7703081246994;https://aatdtkgdoo.cloudimg.io/v7/http://www.gef.com.co/wcsstore/CrystalCo_CAT_AS/2019/Gef/ES-CO/Imagenes/Ninas/CAMISETAS/Lomego_Kd/1000x1263/Camiseta-Nina-Lomego-Kd-Blanco-908-Frente-Gef.jpg?sharp=1&height=400&width=400;GEF;MANGA CORTA
720107;7703081247021;https://aatdtkgdoo.cloudimg.io/v7/http://www.gef.com.co/wcsstore/CrystalCo_CAT_AS/2019/Gef/ES-CO/Imagenes/Ninas/CAMISETAS/Lomego_Kd/1000x1263/Camiseta-Nina-Lomego-Kd-Blanco-908-Frente-Gef.jpg?sharp=1&height=400&width=400;GEF;MANGA CORTA
720107;7703081247052;https://aatdtkgdoo.cloudimg.io/v7/http://www.gef.com.co/wcsstore/CrystalCo_CAT_AS/2019/Gef/ES-CO/Imagenes/Ninas/CAMISETAS/Lomego_Kd/1000x1263/Camiseta-Nina-Lomego-Kd-Blanco-908-Frente-Gef.jpg?sharp=1&height=400&width=400;GEF;MANGA CORTA
720107;7703081247083;https://aatdtkgdoo.cloudimg.io/v7/http://www.gef.com.co/wcsstore/CrystalCo_CAT_AS/2019/Gef/ES-CO/Imagenes/Ninas/CAMISETAS/Lomego_Kd/1000x1263/Camiseta-Nina-Lomego-Kd-Blanco-908-Frente-Gef.jpg?sharp=1&height=400&width=400;GEF;MANGA CORTA
720478;7703081336381;https://aatdtkgdoo.cloudimg.io/v7/http://www.gef.com.co/wcsstore/CrystalCo_CAT_AS/2019/Gef/ES-CO/Imagenes/Mujeres/CAMISETAS/Pauli/1000x1263/Camiseta-Mujer-Pauli-Negro-Intenso-799-Frente-Gef.jpg?sharp=1&height=400&width=400;GEF;SISA ENTRADA
720478;7703081336398;https://aatdtkgdoo.cloudimg.io/v7/http://www.gef.com.co/wcsstore/CrystalCo_CAT_AS/2019/Gef/ES-CO/Imagenes/Mujeres/CAMISETAS/Pauli/1000x1263/Camiseta-Mujer-Pauli-Blanco-900-Frente-Gef.jpg?sharp=1&height=400&width=400;GEF;SISA ENTRADA
720478;7703081336411;https://aatdtkgdoo.cloudimg.io/v7/http://www.gef.com.co/wcsstore/CrystalCo_CAT_AS/2019/Gef/ES-CO/Imagenes/Mujeres/CAMISETAS/Pauli/1000x1263/Camiseta-Mujer-Pauli-Negro-Intenso-799-Frente-Gef.jpg?sharp=1&height=400&width=400;GEF;SISA ENTRADA
720478;7703081336428;https://aatdtkgdoo.cloudimg.io/v7/http://www.gef.com.co/wcsstore/CrystalCo_CAT_AS/2019/Gef/ES-CO/Imagenes/Mujeres/CAMISETAS/Pauli/1000x1263/Camiseta-Mujer-Pauli-Blanco-900-Frente-Gef.jpg?sharp=1&height=400&width=400;GEF;SISA ENTRADA
720478;7703081336442;https://aatdtkgdoo.cloudimg.io/v7/http://www.gef.com.co/wcsstore/CrystalCo_CAT_AS/2019/Gef/ES-CO/Imagenes/Mujeres/CAMISETAS/Pauli/1000x1263/Camiseta-Mujer-Pauli-Negro-Intenso-799-Frente-Gef.jpg?sharp=1&height=400&width=400;GEF;SISA ENTRADA
720478;7703081336459;https://aatdtkgdoo.cloudimg.io/v7/http://www.gef.com.co/wcsstore/CrystalCo_CAT_AS/2019/Gef/ES-CO/Imagenes/Mujeres/CAMISETAS/Pauli/1000x1263/Camiseta-Mujer-Pauli-Blanco-900-Frente-Gef.jpg?sharp=1&height=400&width=400;GEF;SISA ENTRADA
703944;7703081337661;https://aatdtkgdoo.cloudimg.io/v7/http://www.gef.com.co/wcsstore/CrystalCo_CAT_AS/2019/Gef/ES-CO/Imagenes/Mujeres/BERMUDAS/Tamara_2_Short/1000x1263/Bermuda-Mujer-Tamara-2-Short-Cafe-8412-Frente-Gef.jpg?sharp=1&height=400&width=400;GEF;
703944;7703081337685;https://aatdtkgdoo.cloudimg.io/v7/http://www.gef.com.co/wcsstore/CrystalCo_CAT_AS/2019/Gef/ES-CO/Imagenes/Mujeres/BERMUDAS/Tamara_2_Short/1000x1263/Bermuda-Mujer-Tamara-2-Short-Cafe-8412-Frente-Gef.jpg?sharp=1&height=400&width=400;GEF;
703944;7703081337708;https://aatdtkgdoo.cloudimg.io/v7/http://www.gef.com.co/wcsstore/CrystalCo_CAT_AS/2019/Gef/ES-CO/Imagenes/Mujeres/BERMUDAS/Tamara_2_Short/1000x1263/Bermuda-Mujer-Tamara-2-Short-Cafe-8412-Frente-Gef.jpg?sharp=1&height=400&width=400;GEF;
703944;7703081337722;https://aatdtkgdoo.cloudimg.io/v7/http://www.gef.com.co/wcsstore/CrystalCo_CAT_AS/2019/Gef/ES-CO/Imagenes/Mujeres/BERMUDAS/Tamara_2_Short/1000x1263/Bermuda-Mujer-Tamara-2-Short-Cafe-8412-Frente-Gef.jpg?sharp=1&height=400&width=400;GEF;
703944;7703081337746;https://aatdtkgdoo.cloudimg.io/v7/http://www.gef.com.co/wcsstore/CrystalCo_CAT_AS/2019/Gef/ES-CO/Imagenes/Mujeres/BERMUDAS/Tamara_2_Short/1000x1263/Bermuda-Mujer-Tamara-2-Short-Cafe-8412-Frente-Gef.jpg?sharp=1&height=400&width=400;GEF;
703944;7703081337760;https://aatdtkgdoo.cloudimg.io/v7/http://www.gef.com.co/wcsstore/CrystalCo_CAT_AS/2019/Gef/ES-CO/Imagenes/Mujeres/BERMUDAS/Tamara_2_Short/1000x1263/Bermuda-Mujer-Tamara-2-Short-Cafe-8412-Frente-Gef.jpg?sharp=1&height=400&width=400;GEF;
720381;7703081338132;https://aatdtkgdoo.cloudimg.io/v7/http://www.gef.com.co/wcsstore/CrystalCo_CAT_AS/2019/Gef/ES-CO/Imagenes/Mujeres/BERMUDAS/New_Tamara_Bermuda/1000x1263/Bermuda-Mujer-New-Tamara-Bermuda-Negro-Intenso-799-Frente-Gef.jpg?sharp=1&height=400&width=400;GEF;
720381;7703081338163;https://aatdtkgdoo.cloudimg.io/v7/http://www.gef.com.co/wcsstore/CrystalCo_CAT_AS/2019/Gef/ES-CO/Imagenes/Mujeres/BERMUDAS/New_Tamara_Bermuda/1000x1263/Bermuda-Mujer-New-Tamara-Bermuda-Negro-Intenso-799-Frente-Gef.jpg?sharp=1&height=400&width=400;GEF;
720381;7703081338194;https://aatdtkgdoo.cloudimg.io/v7/http://www.gef.com.co/wcsstore/CrystalCo_CAT_AS/2019/Gef/ES-CO/Imagenes/Mujeres/BERMUDAS/New_Tamara_Bermuda/1000x1263/Bermuda-Mujer-New-Tamara-Bermuda-Negro-Intenso-799-Frente-Gef.jpg?sharp=1&height=400&width=400;GEF;
720381;7703081338224;https://aatdtkgdoo.cloudimg.io/v7/http://www.gef.com.co/wcsstore/CrystalCo_CAT_AS/2019/Gef/ES-CO/Imagenes/Mujeres/BERMUDAS/New_Tamara_Bermuda/1000x1263/Bermuda-Mujer-New-Tamara-Bermuda-Negro-Intenso-799-Frente-Gef.jpg?sharp=1&height=400&width=400;GEF;
720381;7703081338255;https://aatdtkgdoo.cloudimg.io/v7/http://www.gef.com.co/wcsstore/CrystalCo_CAT_AS/2019/Gef/ES-CO/Imagenes/Mujeres/BERMUDAS/New_Tamara_Bermuda/1000x1263/Bermuda-Mujer-New-Tamara-Bermuda-Negro-Intenso-799-Frente-Gef.jpg?sharp=1&height=400&width=400;GEF;
720381;7703081338286;https://aatdtkgdoo.cloudimg.io/v7/http://www.gef.com.co/wcsstore/CrystalCo_CAT_AS/2019/Gef/ES-CO/Imagenes/Mujeres/BERMUDAS/New_Tamara_Bermuda/1000x1263/Bermuda-Mujer-New-Tamara-Bermuda-Negro-Intenso-799-Frente-Gef.jpg?sharp=1&height=400&width=400;GEF;
660074;7703081340159;https://aatdtkgdoo.cloudimg.io/v7/http://www.puntoblanco.com.co/wcsstore/CrystalCo_CAT_AS/2019/PBC/ES-CO/Imagenes/Hombres/Pijamas/Brothers/1000x1263/Buzo-Hombre-Brothers-Gris-Jaspe-758-Frente-Punto-Blanco.jpg?sharp=1&height=400&width=400;PUNTO BLANCO;CON CAPUCHA
660074;7703081340180;https://aatdtkgdoo.cloudimg.io/v7/http://www.puntoblanco.com.co/wcsstore/CrystalCo_CAT_AS/2019/PBC/ES-CO/Imagenes/Hombres/Pijamas/Brothers/1000x1263/Buzo-Hombre-Brothers-Gris-Jaspe-758-Frente-Punto-Blanco.jpg?sharp=1&height=400&width=400;PUNTO BLANCO;CON CAPUCHA
660074;7703081340210;https://aatdtkgdoo.cloudimg.io/v7/http://www.puntoblanco.com.co/wcsstore/CrystalCo_CAT_AS/2019/PBC/ES-CO/Imagenes/Hombres/Pijamas/Brothers/1000x1263/Buzo-Hombre-Brothers-Gris-Jaspe-758-Frente-Punto-Blanco.jpg?sharp=1&height=400&width=400;PUNTO BLANCO;CON CAPUCHA
660074;7703081340241;https://aatdtkgdoo.cloudimg.io/v7/http://www.puntoblanco.com.co/wcsstore/CrystalCo_CAT_AS/2019/PBC/ES-CO/Imagenes/Hombres/Pijamas/Brothers/1000x1263/Buzo-Hombre-Brothers-Gris-Jaspe-758-Frente-Punto-Blanco.jpg?sharp=1&height=400&width=400;PUNTO BLANCO;CON CAPUCHA
720478;7703081360416;https://aatdtkgdoo.cloudimg.io/v7/http://www.gef.com.co/wcsstore/CrystalCo_CAT_AS/2019/Gef/ES-CO/Imagenes/Mujeres/CAMISETAS/Pauli/1000x1263/Camiseta-Mujer-Pauli-Negro-Intenso-799-Frente-Gef.jpg?sharp=1&height=400&width=400;GEF;SISA ENTRADA
720478;7703081360423;https://aatdtkgdoo.cloudimg.io/v7/http://www.gef.com.co/wcsstore/CrystalCo_CAT_AS/2019/Gef/ES-CO/Imagenes/Mujeres/CAMISETAS/Pauli/1000x1263/Camiseta-Mujer-Pauli-Blanco-900-Frente-Gef.jpg?sharp=1&height=400&width=400;GEF;SISA ENTRADA
720478;7703081365077;https://aatdtkgdoo.cloudimg.io/v7/http://www.gef.com.co/wcsstore/CrystalCo_CAT_AS/2019/Gef/ES-CO/Imagenes/Mujeres/CAMISETAS/Pauli/1000x1263/Camiseta-Mujer-Pauli-Cafe-8412-Frente-Gef.jpg?sharp=1&height=400&width=400;GEF;SISA ENTRADA
720478;7703081365084;https://aatdtkgdoo.cloudimg.io/v7/http://www.gef.com.co/wcsstore/CrystalCo_CAT_AS/2019/Gef/ES-CO/Imagenes/Mujeres/CAMISETAS/Pauli/1000x1263/Camiseta-Mujer-Pauli-Cafe-8412-Frente-Gef.jpg?sharp=1&height=400&width=400;GEF;SISA ENTRADA
720478;7703081365091;https://aatdtkgdoo.cloudimg.io/v7/http://www.gef.com.co/wcsstore/CrystalCo_CAT_AS/2019/Gef/ES-CO/Imagenes/Mujeres/CAMISETAS/Pauli/1000x1263/Camiseta-Mujer-Pauli-Cafe-8412-Frente-Gef.jpg?sharp=1&height=400&width=400;GEF;SISA ENTRADA
720478;7703081365107;https://aatdtkgdoo.cloudimg.io/v7/http://www.gef.com.co/wcsstore/CrystalCo_CAT_AS/2019/Gef/ES-CO/Imagenes/Mujeres/CAMISETAS/Pauli/1000x1263/Camiseta-Mujer-Pauli-Cafe-8412-Frente-Gef.jpg?sharp=1&height=400&width=400;GEF;SISA ENTRADA
719057;7703081369679;https://aatdtkgdoo.cloudimg.io/v7/http://www.gef.com.co/wcsstore/CrystalCo_CAT_AS/2020/GEF/ES-CO/Imagenes/Hombres/CAMISETAS/Acotte/1000x1263/Camiseta-Hombre-Acotte-Blanco-902-Frente-Gef.jpg?sharp=1&height=400&width=400;GEF;MANGA CORTA
719057;7703081369709;https://aatdtkgdoo.cloudimg.io/v7/http://www.gef.com.co/wcsstore/CrystalCo_CAT_AS/2020/GEF/ES-CO/Imagenes/Hombres/CAMISETAS/Acotte/1000x1263/Camiseta-Hombre-Acotte-Blanco-902-Frente-Gef.jpg?sharp=1&height=400&width=400;GEF;MANGA CORTA
719057;7703081369730;https://aatdtkgdoo.cloudimg.io/v7/http://www.gef.com.co/wcsstore/CrystalCo_CAT_AS/2020/GEF/ES-CO/Imagenes/Hombres/CAMISETAS/Acotte/1000x1263/Camiseta-Hombre-Acotte-Blanco-902-Frente-Gef.jpg?sharp=1&height=400&width=400;GEF;MANGA CORTA
719057;7703081369761;https://aatdtkgdoo.cloudimg.io/v7/http://www.gef.com.co/wcsstore/CrystalCo_CAT_AS/2020/GEF/ES-CO/Imagenes/Hombres/CAMISETAS/Acotte/1000x1263/Camiseta-Hombre-Acotte-Blanco-902-Frente-Gef.jpg?sharp=1&height=400&width=400;GEF;MANGA CORTA
720381;7703081386997;https://aatdtkgdoo.cloudimg.io/v7/http://www.gef.com.co/wcsstore/CrystalCo_CAT_AS/2019/Gef/ES-CO/Imagenes/Mujeres/BERMUDAS/New_Tamara_Bermuda/1000x1263/Bermuda-Mujer-New-Tamara-Bermuda-Negro-27037-Frente-Gef.jpg?sharp=1&height=400&width=400;GEF;
720381;7703081387000;https://aatdtkgdoo.cloudimg.io/v7/http://www.gef.com.co/wcsstore/CrystalCo_CAT_AS/2019/Gef/ES-CO/Imagenes/Mujeres/BERMUDAS/New_Tamara_Bermuda/1000x1263/Bermuda-Mujer-New-Tamara-Bermuda-Negro-27037-Frente-Gef.jpg?sharp=1&height=400&width=400;GEF;
720381;7703081387017;https://aatdtkgdoo.cloudimg.io/v7/http://www.gef.com.co/wcsstore/CrystalCo_CAT_AS/2019/Gef/ES-CO/Imagenes/Mujeres/BERMUDAS/New_Tamara_Bermuda/1000x1263/Bermuda-Mujer-New-Tamara-Bermuda-Negro-27037-Frente-Gef.jpg?sharp=1&height=400&width=400;GEF;
720381;7703081387024;https://aatdtkgdoo.cloudimg.io/v7/http://www.gef.com.co/wcsstore/CrystalCo_CAT_AS/2019/Gef/ES-CO/Imagenes/Mujeres/BERMUDAS/New_Tamara_Bermuda/1000x1263/Bermuda-Mujer-New-Tamara-Bermuda-Negro-27037-Frente-Gef.jpg?sharp=1&height=400&width=400;GEF;
720381;7703081387031;https://aatdtkgdoo.cloudimg.io/v7/http://www.gef.com.co/wcsstore/CrystalCo_CAT_AS/2019/Gef/ES-CO/Imagenes/Mujeres/BERMUDAS/New_Tamara_Bermuda/1000x1263/Bermuda-Mujer-New-Tamara-Bermuda-Negro-27037-Frente-Gef.jpg?sharp=1&height=400&width=400;GEF;
720381;7703081387048;https://aatdtkgdoo.cloudimg.io/v7/http://www.gef.com.co/wcsstore/CrystalCo_CAT_AS/2019/Gef/ES-CO/Imagenes/Mujeres/BERMUDAS/New_Tamara_Bermuda/1000x1263/Bermuda-Mujer-New-Tamara-Bermuda-Negro-27037-Frente-Gef.jpg?sharp=1&height=400&width=400;GEF;
720623;7703081418612;https://aatdtkgdoo.cloudimg.io/v7/http://www.gef.com.co/wcsstore/CrystalCo_CAT_AS/2019/Gef/ES-CO/Imagenes/Mujer_Adulta/CHAQUETAS_BUSOS/New_Cardy_Work/1000x1263/Buzo-Mujer-Adulta-New-Cardy-Work-Cafe-8412-Frente-Gef.jpg?sharp=1&height=400&width=400;GEF;SIN CAPUCHA
720623;7703081418629;https://aatdtkgdoo.cloudimg.io/v7/http://www.gef.com.co/wcsstore/CrystalCo_CAT_AS/2019/Gef/ES-CO/Imagenes/Mujer_Adulta/CHAQUETAS_BUSOS/New_Cardy_Work/1000x1263/Buzo-Mujer-Adulta-New-Cardy-Work-Cafe-8412-Frente-Gef.jpg?sharp=1&height=400&width=400;GEF;SIN CAPUCHA
720623;7703081418636;https://aatdtkgdoo.cloudimg.io/v7/http://www.gef.com.co/wcsstore/CrystalCo_CAT_AS/2019/Gef/ES-CO/Imagenes/Mujer_Adulta/CHAQUETAS_BUSOS/New_Cardy_Work/1000x1263/Buzo-Mujer-Adulta-New-Cardy-Work-Cafe-8412-Frente-Gef.jpg?sharp=1&height=400&width=400;GEF;SIN CAPUCHA
721197;7703081419114;https://aatdtkgdoo.cloudimg.io/v7/http://www.gef.com.co/wcsstore/CrystalCo_CAT_AS/2019/Gef/ES-CO/Imagenes/Junior_Masculino/PANTALONES/Link_Jr/1000x1263/Pantalon-Junior-Masculino-Link-Jr-Verde-6440-Frente-Gef.jpg?sharp=1&height=400&width=400;GEF;
721197;7703081419121;https://aatdtkgdoo.cloudimg.io/v7/http://www.gef.com.co/wcsstore/CrystalCo_CAT_AS/2019/Gef/ES-CO/Imagenes/Junior_Masculino/PANTALONES/Link_Jr/1000x1263/Pantalon-Junior-Masculino-Link-Jr-Verde-6440-Frente-Gef.jpg?sharp=1&height=400&width=400;GEF;
721197;7703081419138;https://aatdtkgdoo.cloudimg.io/v7/http://www.gef.com.co/wcsstore/CrystalCo_CAT_AS/2019/Gef/ES-CO/Imagenes/Junior_Masculino/PANTALONES/Link_Jr/1000x1263/Pantalon-Junior-Masculino-Link-Jr-Verde-6440-Frente-Gef.jpg?sharp=1&height=400&width=400;GEF;
721714;7703081441184;https://aatdtkgdoo.cloudimg.io/v7/http://www.gef.com.co/wcsstore/CrystalCo_CAT_AS/2019/Gef/ES-CO/Imagenes/Mujeres/CAMISAS/Poli/1000x1263/Camisa-Mujer-Poli-Palo-De-Rosa-27839-Frente-Gef.jpg?sharp=1&height=400&width=400;GEF;MANGA CORTA
721714;7703081441221;https://aatdtkgdoo.cloudimg.io/v7/http://www.gef.com.co/wcsstore/CrystalCo_CAT_AS/2019/Gef/ES-CO/Imagenes/Mujeres/CAMISAS/Poli/1000x1263/Camisa-Mujer-Poli-Palo-De-Rosa-27839-Frente-Gef.jpg?sharp=1&height=400&width=400;GEF;MANGA CORTA
721714;7703081441269;https://aatdtkgdoo.cloudimg.io/v7/http://www.gef.com.co/wcsstore/CrystalCo_CAT_AS/2019/Gef/ES-CO/Imagenes/Mujeres/CAMISAS/Poli/1000x1263/Camisa-Mujer-Poli-Palo-De-Rosa-27839-Frente-Gef.jpg?sharp=1&height=400&width=400;GEF;MANGA CORTA
721736;7703081442105;https://aatdtkgdoo.cloudimg.io/v7/http://www.gef.com.co/wcsstore/CrystalCo_CAT_AS/2019/Gef/ES-CO/Imagenes/Mujer_Adulta/CAMISAS/Kiky/1000x1263/Camisa-Mujer-Adulta-Kiky-Blanco-900-Frente-Gef.jpg?sharp=1&height=400&width=400;GEF;MANGA CORTA
721736;7703081442112;https://aatdtkgdoo.cloudimg.io/v7/http://www.gef.com.co/wcsstore/CrystalCo_CAT_AS/2019/Gef/ES-CO/Imagenes/Mujer_Adulta/CAMISAS/Kiky/1000x1263/Camisa-Mujer-Adulta-Kiky-Rosado-3123-Frente-Gef.jpg?sharp=1&height=400&width=400;GEF;MANGA CORTA
721736;7703081442129;https://aatdtkgdoo.cloudimg.io/v7/http://www.gef.com.co/wcsstore/CrystalCo_CAT_AS/2019/Gef/ES-CO/Imagenes/Mujer_Adulta/CAMISAS/Kiky/1000x1263/Camisa-Mujer-Adulta-Kiky-Azul-5758-Frente-Gef.jpg?sharp=1&height=400&width=400;GEF;MANGA CORTA
721736;7703081442136;https://aatdtkgdoo.cloudimg.io/v7/http://www.gef.com.co/wcsstore/CrystalCo_CAT_AS/2019/Gef/ES-CO/Imagenes/Mujer_Adulta/CAMISAS/Kiky/1000x1263/Camisa-Mujer-Adulta-Kiky-Blanco-900-Frente-Gef.jpg?sharp=1&height=400&width=400;GEF;MANGA CORTA
721736;7703081442143;https://aatdtkgdoo.cloudimg.io/v7/http://www.gef.com.co/wcsstore/CrystalCo_CAT_AS/2019/Gef/ES-CO/Imagenes/Mujer_Adulta/CAMISAS/Kiky/1000x1263/Camisa-Mujer-Adulta-Kiky-Rosado-3123-Frente-Gef.jpg?sharp=1&height=400&width=400;GEF;MANGA CORTA
721736;7703081442150;https://aatdtkgdoo.cloudimg.io/v7/http://www.gef.com.co/wcsstore/CrystalCo_CAT_AS/2019/Gef/ES-CO/Imagenes/Mujer_Adulta/CAMISAS/Kiky/1000x1263/Camisa-Mujer-Adulta-Kiky-Azul-5758-Frente-Gef.jpg?sharp=1&height=400&width=400;GEF;MANGA CORTA
721736;7703081442167;https://aatdtkgdoo.cloudimg.io/v7/http://www.gef.com.co/wcsstore/CrystalCo_CAT_AS/2019/Gef/ES-CO/Imagenes/Mujer_Adulta/CAMISAS/Kiky/1000x1263/Camisa-Mujer-Adulta-Kiky-Blanco-900-Frente-Gef.jpg?sharp=1&height=400&width=400;GEF;MANGA CORTA
721736;7703081442174;https://aatdtkgdoo.cloudimg.io/v7/http://www.gef.com.co/wcsstore/CrystalCo_CAT_AS/2019/Gef/ES-CO/Imagenes/Mujer_Adulta/CAMISAS/Kiky/1000x1263/Camisa-Mujer-Adulta-Kiky-Rosado-3123-Frente-Gef.jpg?sharp=1&height=400&width=400;GEF;MANGA CORTA
721736;7703081442181;https://aatdtkgdoo.cloudimg.io/v7/http://www.gef.com.co/wcsstore/CrystalCo_CAT_AS/2019/Gef/ES-CO/Imagenes/Mujer_Adulta/CAMISAS/Kiky/1000x1263/Camisa-Mujer-Adulta-Kiky-Azul-5758-Frente-Gef.jpg?sharp=1&height=400&width=400;GEF;MANGA CORTA
721914;7703081452845;https://aatdtkgdoo.cloudimg.io/v7/http://www.gef.com.co/wcsstore/CrystalCo_CAT_AS/2019/Gef/ES-CO/Imagenes/Junior_Femenino/CAMISETAS/Lacua_Jr/1000x1263/Camiseta-Junior-Femenino-Lacua-Jr-Amarillo-15660-Frente-Gef.jpg?sharp=1&height=400&width=400;GEF;SISA ENTRADA
721914;7703081452869;https://aatdtkgdoo.cloudimg.io/v7/http://www.gef.com.co/wcsstore/CrystalCo_CAT_AS/2019/Gef/ES-CO/Imagenes/Junior_Femenino/CAMISETAS/Lacua_Jr/1000x1263/Camiseta-Junior-Femenino-Lacua-Jr-Amarillo-15660-Frente-Gef.jpg?sharp=1&height=400&width=400;GEF;SISA ENTRADA
721914;7703081452883;https://aatdtkgdoo.cloudimg.io/v7/http://www.gef.com.co/wcsstore/CrystalCo_CAT_AS/2019/Gef/ES-CO/Imagenes/Junior_Femenino/CAMISETAS/Lacua_Jr/1000x1263/Camiseta-Junior-Femenino-Lacua-Jr-Amarillo-15660-Frente-Gef.jpg?sharp=1&height=400&width=400;GEF;SISA ENTRADA
721914;7703081453040;https://aatdtkgdoo.cloudimg.io/v7/http://www.gef.com.co/wcsstore/CrystalCo_CAT_AS/2019/Gef/ES-CO/Imagenes/Junior_Femenino/CAMISETAS/Lacua_Jr/1000x1263/Camiseta-Junior-Femenino-Lacua-Jr-Blanco-908-Frente-Gef.jpg?sharp=1&height=400&width=400;GEF;SISA ENTRADA
721914;7703081453057;https://aatdtkgdoo.cloudimg.io/v7/http://www.gef.com.co/wcsstore/CrystalCo_CAT_AS/2019/Gef/ES-CO/Imagenes/Junior_Femenino/CAMISETAS/Lacua_Jr/1000x1263/Camiseta-Junior-Femenino-Lacua-Jr-Blanco-908-Frente-Gef.jpg?sharp=1&height=400&width=400;GEF;SISA ENTRADA
721914;7703081453064;https://aatdtkgdoo.cloudimg.io/v7/http://www.gef.com.co/wcsstore/CrystalCo_CAT_AS/2019/Gef/ES-CO/Imagenes/Junior_Femenino/CAMISETAS/Lacua_Jr/1000x1263/Camiseta-Junior-Femenino-Lacua-Jr-Blanco-908-Frente-Gef.jpg?sharp=1&height=400&width=400;GEF;SISA ENTRADA
601908;7703081479996;https://aatdtkgdoo.cloudimg.io/v7/http://www.gef.com.co/wcsstore/CrystalCo_CAT_AS/2020/GEF/ES-CO/Imagenes/Ninas/CAMISETAS/Antonia_Kids/1000x1263/Camiseta-Nina-Antonia-Kids-Rosado-3123-Frente-Gef.jpg?sharp=1&height=400&width=400;GEF;TIRAS
601908;7703081480008;https://aatdtkgdoo.cloudimg.io/v7/http://www.gef.com.co/wcsstore/CrystalCo_CAT_AS/2020/GEF/ES-CO/Imagenes/Ninas/CAMISETAS/Antonia_Kids/1000x1263/Camiseta-Nina-Antonia-Kids-Rosado-3123-Frente-Gef.jpg?sharp=1&height=400&width=400;GEF;TIRAS
601908;7703081480015;https://aatdtkgdoo.cloudimg.io/v7/http://www.gef.com.co/wcsstore/CrystalCo_CAT_AS/2020/GEF/ES-CO/Imagenes/Ninas/CAMISETAS/Antonia_Kids/1000x1263/Camiseta-Nina-Antonia-Kids-Rosado-3123-Frente-Gef.jpg?sharp=1&height=400&width=400;GEF;TIRAS
601908;7703081480343;https://aatdtkgdoo.cloudimg.io/v7/http://www.gef.com.co/wcsstore/CrystalCo_CAT_AS/2020/GEF/ES-CO/Imagenes/Ninas/CAMISETAS/Antonia_Kids/1000x1263/Camiseta-Nina-Antonia-Kids-Rosado-3123-Frente-Gef.jpg?sharp=1&height=400&width=400;GEF;TIRAS
601908;7703081480350;https://aatdtkgdoo.cloudimg.io/v7/http://www.gef.com.co/wcsstore/CrystalCo_CAT_AS/2020/GEF/ES-CO/Imagenes/Ninas/CAMISETAS/Antonia_Kids/1000x1263/Camiseta-Nina-Antonia-Kids-Rosado-3123-Frente-Gef.jpg?sharp=1&height=400&width=400;GEF;TIRAS
700965;7703081480510;https://aatdtkgdoo.cloudimg.io/v7/http://www.gef.com.co/wcsstore/CrystalCo_CAT_AS/2020/GEF/ES-CO/Imagenes/Ninas/BERMUDAS/Godi_Kd/1000x1263/Bermuda-Nina-Godi-Kd-Blanco-951-Frente-Gef.jpg?sharp=1&height=400&width=400;GEF;
707705;7703081480565;https://aatdtkgdoo.cloudimg.io/v7/http://www.gef.com.co/wcsstore/CrystalCo_CAT_AS/2020/GEF/ES-CO/Imagenes/Ninas/VESTIDOS/Noelia/1000x1263/Vestido-Nina-Noelia-Blanco-951-Frente-Gef.jpg?sharp=1&height=400&width=400;GEF;SIN INTERIOR
707705;7703081480572;https://aatdtkgdoo.cloudimg.io/v7/http://www.gef.com.co/wcsstore/CrystalCo_CAT_AS/2020/GEF/ES-CO/Imagenes/Ninas/VESTIDOS/Noelia/1000x1263/Vestido-Nina-Noelia-Azul-Cobalto-5757-Frente-Gef.jpg?sharp=1&height=400&width=400;GEF;SIN INTERIOR
707705;7703081480602;https://aatdtkgdoo.cloudimg.io/v7/http://www.gef.com.co/wcsstore/CrystalCo_CAT_AS/2020/GEF/ES-CO/Imagenes/Ninas/VESTIDOS/Noelia/1000x1263/Vestido-Nina-Noelia-Blanco-951-Frente-Gef.jpg?sharp=1&height=400&width=400;GEF;SIN INTERIOR
707705;7703081480619;https://aatdtkgdoo.cloudimg.io/v7/http://www.gef.com.co/wcsstore/CrystalCo_CAT_AS/2020/GEF/ES-CO/Imagenes/Ninas/VESTIDOS/Noelia/1000x1263/Vestido-Nina-Noelia-Azul-Cobalto-5757-Frente-Gef.jpg?sharp=1&height=400&width=400;GEF;SIN INTERIOR
707705;7703081480640;https://aatdtkgdoo.cloudimg.io/v7/http://www.gef.com.co/wcsstore/CrystalCo_CAT_AS/2020/GEF/ES-CO/Imagenes/Ninas/VESTIDOS/Noelia/1000x1263/Vestido-Nina-Noelia-Blanco-951-Frente-Gef.jpg?sharp=1&height=400&width=400;GEF;SIN INTERIOR
707705;7703081480657;https://aatdtkgdoo.cloudimg.io/v7/http://www.gef.com.co/wcsstore/CrystalCo_CAT_AS/2020/GEF/ES-CO/Imagenes/Ninas/VESTIDOS/Noelia/1000x1263/Vestido-Nina-Noelia-Azul-Cobalto-5757-Frente-Gef.jpg?sharp=1&height=400&width=400;GEF;SIN INTERIOR
707705;7703081480688;https://aatdtkgdoo.cloudimg.io/v7/http://www.gef.com.co/wcsstore/CrystalCo_CAT_AS/2020/GEF/ES-CO/Imagenes/Ninas/VESTIDOS/Noelia/1000x1263/Vestido-Nina-Noelia-Blanco-951-Frente-Gef.jpg?sharp=1&height=400&width=400;GEF;SIN INTERIOR
707705;7703081480695;https://aatdtkgdoo.cloudimg.io/v7/http://www.gef.com.co/wcsstore/CrystalCo_CAT_AS/2020/GEF/ES-CO/Imagenes/Ninas/VESTIDOS/Noelia/1000x1263/Vestido-Nina-Noelia-Azul-Cobalto-5757-Frente-Gef.jpg?sharp=1&height=400&width=400;GEF;SIN INTERIOR
707705;7703081480725;https://aatdtkgdoo.cloudimg.io/v7/http://www.gef.com.co/wcsstore/CrystalCo_CAT_AS/2020/GEF/ES-CO/Imagenes/Ninas/VESTIDOS/Noelia/1000x1263/Vestido-Nina-Noelia-Blanco-951-Frente-Gef.jpg?sharp=1&height=400&width=400;GEF;SIN INTERIOR
707705;7703081480732;https://aatdtkgdoo.cloudimg.io/v7/http://www.gef.com.co/wcsstore/CrystalCo_CAT_AS/2020/GEF/ES-CO/Imagenes/Ninas/VESTIDOS/Noelia/1000x1263/Vestido-Nina-Noelia-Azul-Cobalto-5757-Frente-Gef.jpg?sharp=1&height=400&width=400;GEF;SIN INTERIOR
707705;7703081480763;https://aatdtkgdoo.cloudimg.io/v7/http://www.gef.com.co/wcsstore/CrystalCo_CAT_AS/2020/GEF/ES-CO/Imagenes/Ninas/VESTIDOS/Noelia/1000x1263/Vestido-Nina-Noelia-Blanco-951-Frente-Gef.jpg?sharp=1&height=400&width=400;GEF;SIN INTERIOR
707705;7703081480770;https://aatdtkgdoo.cloudimg.io/v7/http://www.gef.com.co/wcsstore/CrystalCo_CAT_AS/2020/GEF/ES-CO/Imagenes/Ninas/VESTIDOS/Noelia/1000x1263/Vestido-Nina-Noelia-Azul-Cobalto-5757-Frente-Gef.jpg?sharp=1&height=400&width=400;GEF;SIN INTERIOR
709442;7703081480800;https://aatdtkgdoo.cloudimg.io/v7/http://www.gef.com.co/wcsstore/CrystalCo_CAT_AS/2020/GEF/ES-CO/Imagenes/Ninas/CAMISETAS/Endy_Kd_Camiseta/1000x1263/Camiseta-Nina-Endy-Kd-Camiseta-Blanco-951-Frente-Gef.jpg?sharp=1&height=400&width=400;GEF;MANGA CORTA
709442;7703081480848;https://aatdtkgdoo.cloudimg.io/v7/http://www.gef.com.co/wcsstore/CrystalCo_CAT_AS/2020/GEF/ES-CO/Imagenes/Ninas/CAMISETAS/Endy_Kd_Camiseta/1000x1263/Camiseta-Nina-Endy-Kd-Camiseta-Amarillo-15267-Frente-Gef.jpg?sharp=1&height=400&width=400;GEF;MANGA CORTA
709442;7703081480855;https://aatdtkgdoo.cloudimg.io/v7/http://www.gef.com.co/wcsstore/CrystalCo_CAT_AS/2020/GEF/ES-CO/Imagenes/Ninas/CAMISETAS/Endy_Kd_Camiseta/1000x1263/Camiseta-Nina-Endy-Kd-Camiseta-Rosado-15503-Frente-Gef.jpg?sharp=1&height=400&width=400;GEF;MANGA CORTA
709442;7703081480893;https://aatdtkgdoo.cloudimg.io/v7/http://www.gef.com.co/wcsstore/CrystalCo_CAT_AS/2020/GEF/ES-CO/Imagenes/Ninas/CAMISETAS/Endy_Kd_Camiseta/1000x1263/Camiseta-Nina-Endy-Kd-Camiseta-Blanco-951-Frente-Gef.jpg?sharp=1&height=400&width=400;GEF;MANGA CORTA
709442;7703081480930;https://aatdtkgdoo.cloudimg.io/v7/http://www.gef.com.co/wcsstore/CrystalCo_CAT_AS/2020/GEF/ES-CO/Imagenes/Ninas/CAMISETAS/Endy_Kd_Camiseta/1000x1263/Camiseta-Nina-Endy-Kd-Camiseta-Amarillo-15267-Frente-Gef.jpg?sharp=1&height=400&width=400;GEF;MANGA CORTA
709442;7703081480947;https://aatdtkgdoo.cloudimg.io/v7/http://www.gef.com.co/wcsstore/CrystalCo_CAT_AS/2020/GEF/ES-CO/Imagenes/Ninas/CAMISETAS/Endy_Kd_Camiseta/1000x1263/Camiseta-Nina-Endy-Kd-Camiseta-Rosado-15503-Frente-Gef.jpg?sharp=1&height=400&width=400;GEF;MANGA CORTA
709442;7703081480985;https://aatdtkgdoo.cloudimg.io/v7/http://www.gef.com.co/wcsstore/CrystalCo_CAT_AS/2020/GEF/ES-CO/Imagenes/Ninas/CAMISETAS/Endy_Kd_Camiseta/1000x1263/Camiseta-Nina-Endy-Kd-Camiseta-Blanco-951-Frente-Gef.jpg?sharp=1&height=400&width=400;GEF;MANGA CORTA
709442;7703081481029;https://aatdtkgdoo.cloudimg.io/v7/http://www.gef.com.co/wcsstore/CrystalCo_CAT_AS/2020/GEF/ES-CO/Imagenes/Ninas/CAMISETAS/Endy_Kd_Camiseta/1000x1263/Camiseta-Nina-Endy-Kd-Camiseta-Amarillo-15267-Frente-Gef.jpg?sharp=1&height=400&width=400;GEF;MANGA CORTA
709442;7703081481036;https://aatdtkgdoo.cloudimg.io/v7/http://www.gef.com.co/wcsstore/CrystalCo_CAT_AS/2020/GEF/ES-CO/Imagenes/Ninas/CAMISETAS/Endy_Kd_Camiseta/1000x1263/Camiseta-Nina-Endy-Kd-Camiseta-Rosado-15503-Frente-Gef.jpg?sharp=1&height=400&width=400;GEF;MANGA CORTA
709442;7703081481074;https://aatdtkgdoo.cloudimg.io/v7/http://www.gef.com.co/wcsstore/CrystalCo_CAT_AS/2020/GEF/ES-CO/Imagenes/Ninas/CAMISETAS/Endy_Kd_Camiseta/1000x1263/Camiseta-Nina-Endy-Kd-Camiseta-Blanco-951-Frente-Gef.jpg?sharp=1&height=400&width=400;GEF;MANGA CORTA
709442;7703081481111;https://aatdtkgdoo.cloudimg.io/v7/http://www.gef.com.co/wcsstore/CrystalCo_CAT_AS/2020/GEF/ES-CO/Imagenes/Ninas/CAMISETAS/Endy_Kd_Camiseta/1000x1263/Camiseta-Nina-Endy-Kd-Camiseta-Amarillo-15267-Frente-Gef.jpg?sharp=1&height=400&width=400;GEF;MANGA CORTA
709442;7703081481128;https://aatdtkgdoo.cloudimg.io/v7/http://www.gef.com.co/wcsstore/CrystalCo_CAT_AS/2020/GEF/ES-CO/Imagenes/Ninas/CAMISETAS/Endy_Kd_Camiseta/1000x1263/Camiseta-Nina-Endy-Kd-Camiseta-Rosado-15503-Frente-Gef.jpg?sharp=1&height=400&width=400;GEF;MANGA CORTA
709442;7703081481166;https://aatdtkgdoo.cloudimg.io/v7/http://www.gef.com.co/wcsstore/CrystalCo_CAT_AS/2020/GEF/ES-CO/Imagenes/Ninas/CAMISETAS/Endy_Kd_Camiseta/1000x1263/Camiseta-Nina-Endy-Kd-Camiseta-Blanco-951-Frente-Gef.jpg?sharp=1&height=400&width=400;GEF;MANGA CORTA
709442;7703081481203;https://aatdtkgdoo.cloudimg.io/v7/http://www.gef.com.co/wcsstore/CrystalCo_CAT_AS/2020/GEF/ES-CO/Imagenes/Ninas/CAMISETAS/Endy_Kd_Camiseta/1000x1263/Camiseta-Nina-Endy-Kd-Camiseta-Amarillo-15267-Frente-Gef.jpg?sharp=1&height=400&width=400;GEF;MANGA CORTA
709442;7703081481210;https://aatdtkgdoo.cloudimg.io/v7/http://www.gef.com.co/wcsstore/CrystalCo_CAT_AS/2020/GEF/ES-CO/Imagenes/Ninas/CAMISETAS/Endy_Kd_Camiseta/1000x1263/Camiseta-Nina-Endy-Kd-Camiseta-Rosado-15503-Frente-Gef.jpg?sharp=1&height=400&width=400;GEF;MANGA CORTA
720107;7703081481272;https://aatdtkgdoo.cloudimg.io/v7/http://www.gef.com.co/wcsstore/CrystalCo_CAT_AS/2020/GEF/ES-CO/Imagenes/Ninas/CAMISETAS/Lomego_Kd/1000x1263/Camiseta-Nina-Lomego-Kd-Fucsia-16744-Frente-Gef.jpg?sharp=1&height=400&width=400;GEF;MANGA CORTA
720107;7703081481302;https://aatdtkgdoo.cloudimg.io/v7/http://www.gef.com.co/wcsstore/CrystalCo_CAT_AS/2020/GEF/ES-CO/Imagenes/Ninas/CAMISETAS/Lomego_Kd/1000x1263/Camiseta-Nina-Lomego-Kd-Fucsia-16744-Frente-Gef.jpg?sharp=1&height=400&width=400;GEF;MANGA CORTA
720107;7703081481333;https://aatdtkgdoo.cloudimg.io/v7/http://www.gef.com.co/wcsstore/CrystalCo_CAT_AS/2020/GEF/ES-CO/Imagenes/Ninas/CAMISETAS/Lomego_Kd/1000x1263/Camiseta-Nina-Lomego-Kd-Fucsia-16744-Frente-Gef.jpg?sharp=1&height=400&width=400;GEF;MANGA CORTA
720107;7703081481364;https://aatdtkgdoo.cloudimg.io/v7/http://www.gef.com.co/wcsstore/CrystalCo_CAT_AS/2020/GEF/ES-CO/Imagenes/Ninas/CAMISETAS/Lomego_Kd/1000x1263/Camiseta-Nina-Lomego-Kd-Fucsia-16744-Frente-Gef.jpg?sharp=1&height=400&width=400;GEF;MANGA CORTA
720107;7703081481395;https://aatdtkgdoo.cloudimg.io/v7/http://www.gef.com.co/wcsstore/CrystalCo_CAT_AS/2020/GEF/ES-CO/Imagenes/Ninas/CAMISETAS/Lomego_Kd/1000x1263/Camiseta-Nina-Lomego-Kd-Fucsia-16744-Frente-Gef.jpg?sharp=1&height=400&width=400;GEF;MANGA CORTA
720916;7703081481418;https://aatdtkgdoo.cloudimg.io/v7/http://www.gef.com.co/wcsstore/CrystalCo_CAT_AS/2020/GEF/ES-CO/Imagenes/Ninas/VESTIDOS/Lirai_Kd/1000x1263/Vestido-Nina-Lirai-Kd-Rosado-15503-Frente-Gef.jpg?sharp=1&height=400&width=400;GEF;SIN INTERIOR
720916;7703081481456;https://aatdtkgdoo.cloudimg.io/v7/http://www.gef.com.co/wcsstore/CrystalCo_CAT_AS/2020/GEF/ES-CO/Imagenes/Ninas/VESTIDOS/Lirai_Kd/1000x1263/Vestido-Nina-Lirai-Kd-Rosado-15503-Frente-Gef.jpg?sharp=1&height=400&width=400;GEF;SIN INTERIOR
720916;7703081481494;https://aatdtkgdoo.cloudimg.io/v7/http://www.gef.com.co/wcsstore/CrystalCo_CAT_AS/2020/GEF/ES-CO/Imagenes/Ninas/VESTIDOS/Lirai_Kd/1000x1263/Vestido-Nina-Lirai-Kd-Rosado-15503-Frente-Gef.jpg?sharp=1&height=400&width=400;GEF;SIN INTERIOR
701313;7703081485683;https://aatdtkgdoo.cloudimg.io/v7/https://www.galax.co/wcsstore/CrystalCo_CAT_AS/2020/GLX/ES-CO/Imagenes/Junior_Femenino/Medias/Kournikova_X4_Jr/1000x1263/Medias-Junior-Femenino-Kournikova-X4-Jr-Surtido-9907-Frente-Glx.jpg?sharp=1&height=400&width=400;GALAX;ALGODÓN
701313;7703081485690;https://aatdtkgdoo.cloudimg.io/v7/https://www.galax.co/wcsstore/CrystalCo_CAT_AS/2020/GLX/ES-CO/Imagenes/Junior_Femenino/Medias/Kournikova_X4_Jr/1000x1263/Medias-Junior-Femenino-Kournikova-X4-Jr-Surtido-9908-Frente-Glx.jpg?sharp=1&height=400&width=400;GALAX;ALGODÓN
701313;7703081485706;https://aatdtkgdoo.cloudimg.io/v7/https://www.galax.co/wcsstore/CrystalCo_CAT_AS/2020/GLX/ES-CO/Imagenes/Junior_Femenino/Medias/Kournikova_X4_Jr/1000x1263/Medias-Junior-Femenino-Kournikova-X4-Jr-Surtido-9909-Frente-Glx.jpg?sharp=1&height=400&width=400;GALAX;ALGODÓN
703961;7703081487120;https://aatdtkgdoo.cloudimg.io/v7/http://www.gef.com.co/wcsstore/CrystalCo_CAT_AS/2020/GEF/ES-CO/Imagenes/Mujeres/BERMUDAS/Tamara_2_Bermuda/1000x1263/Bermuda-Mujer-Tamara-2-Bermuda-Azul-Marino-5878-Frente-Gef.jpg?sharp=1&height=400&width=400;GEF;
703961;7703081487137;https://aatdtkgdoo.cloudimg.io/v7/http://www.gef.com.co/wcsstore/CrystalCo_CAT_AS/2020/GEF/ES-CO/Imagenes/Mujeres/BERMUDAS/Tamara_2_Bermuda/1000x1263/Bermuda-Mujer-Tamara-2-Bermuda-Azul-Marino-5878-Frente-Gef.jpg?sharp=1&height=400&width=400;GEF;
703961;7703081487144;https://aatdtkgdoo.cloudimg.io/v7/http://www.gef.com.co/wcsstore/CrystalCo_CAT_AS/2020/GEF/ES-CO/Imagenes/Mujeres/BERMUDAS/Tamara_2_Bermuda/1000x1263/Bermuda-Mujer-Tamara-2-Bermuda-Azul-Marino-5878-Frente-Gef.jpg?sharp=1&height=400&width=400;GEF;
703961;7703081487151;https://aatdtkgdoo.cloudimg.io/v7/http://www.gef.com.co/wcsstore/CrystalCo_CAT_AS/2020/GEF/ES-CO/Imagenes/Mujeres/BERMUDAS/Tamara_2_Bermuda/1000x1263/Bermuda-Mujer-Tamara-2-Bermuda-Azul-Marino-5878-Frente-Gef.jpg?sharp=1&height=400&width=400;GEF;
703961;7703081487168;https://aatdtkgdoo.cloudimg.io/v7/http://www.gef.com.co/wcsstore/CrystalCo_CAT_AS/2020/GEF/ES-CO/Imagenes/Mujeres/BERMUDAS/Tamara_2_Bermuda/1000x1263/Bermuda-Mujer-Tamara-2-Bermuda-Azul-Marino-5878-Frente-Gef.jpg?sharp=1&height=400&width=400;GEF;
703961;7703081487175;https://aatdtkgdoo.cloudimg.io/v7/http://www.gef.com.co/wcsstore/CrystalCo_CAT_AS/2020/GEF/ES-CO/Imagenes/Mujeres/BERMUDAS/Tamara_2_Bermuda/1000x1263/Bermuda-Mujer-Tamara-2-Bermuda-Azul-Marino-5878-Frente-Gef.jpg?sharp=1&height=400&width=400;GEF;
716348;7703081493268;https://aatdtkgdoo.cloudimg.io/v7/http://www.gef.com.co/wcsstore/CrystalCo_CAT_AS/2020/GEF/ES-CO/Imagenes/Ninos/CAMISAS/Fidi_Kd/1000x1263/Camisa-Nino-Fidi-Kd-Blanco-952-Frente-Gef.jpg?sharp=1&height=400&width=400;GEF;MANGA LARGA
716348;7703081493275;https://aatdtkgdoo.cloudimg.io/v7/http://www.gef.com.co/wcsstore/CrystalCo_CAT_AS/2020/GEF/ES-CO/Imagenes/Ninos/CAMISAS/Fidi_Kd/1000x1263/Camisa-Nino-Fidi-Kd-Blanco-952-Frente-Gef.jpg?sharp=1&height=400&width=400;GEF;MANGA LARGA
716348;7703081493282;https://aatdtkgdoo.cloudimg.io/v7/http://www.gef.com.co/wcsstore/CrystalCo_CAT_AS/2020/GEF/ES-CO/Imagenes/Ninos/CAMISAS/Fidi_Kd/1000x1263/Camisa-Nino-Fidi-Kd-Blanco-952-Frente-Gef.jpg?sharp=1&height=400&width=400;GEF;MANGA LARGA
716348;7703081493299;https://aatdtkgdoo.cloudimg.io/v7/http://www.gef.com.co/wcsstore/CrystalCo_CAT_AS/2020/GEF/ES-CO/Imagenes/Ninos/CAMISAS/Fidi_Kd/1000x1263/Camisa-Nino-Fidi-Kd-Blanco-952-Frente-Gef.jpg?sharp=1&height=400&width=400;GEF;MANGA LARGA
716348;7703081493305;https://aatdtkgdoo.cloudimg.io/v7/http://www.gef.com.co/wcsstore/CrystalCo_CAT_AS/2020/GEF/ES-CO/Imagenes/Ninos/CAMISAS/Fidi_Kd/1000x1263/Camisa-Nino-Fidi-Kd-Blanco-952-Frente-Gef.jpg?sharp=1&height=400&width=400;GEF;MANGA LARGA
705252;7703081493312;https://aatdtkgdoo.cloudimg.io/v7/http://www.gef.com.co/wcsstore/CrystalCo_CAT_AS/2020/GEF/ES-CO/Imagenes/Hombres/CAMISAS/Mike/1000x1263/Camisa-Hombre-Mike-Azul-5746-Frente-Gef.jpg?sharp=1&height=400&width=400;GEF;MANGA LARGA
705252;7703081493329;https://aatdtkgdoo.cloudimg.io/v7/http://www.gef.com.co/wcsstore/CrystalCo_CAT_AS/2020/GEF/ES-CO/Imagenes/Hombres/CAMISAS/Mike/1000x1263/Camisa-Hombre-Mike-Gris-Jaspe-11089-Frente-Gef.jpg?sharp=1&height=400&width=400;GEF;MANGA LARGA
705252;7703081493343;https://aatdtkgdoo.cloudimg.io/v7/http://www.gef.com.co/wcsstore/CrystalCo_CAT_AS/2020/GEF/ES-CO/Imagenes/Hombres/CAMISAS/Mike/1000x1263/Camisa-Hombre-Mike-Azul-5746-Frente-Gef.jpg?sharp=1&height=400&width=400;GEF;MANGA LARGA
705252;7703081493350;https://aatdtkgdoo.cloudimg.io/v7/http://www.gef.com.co/wcsstore/CrystalCo_CAT_AS/2020/GEF/ES-CO/Imagenes/Hombres/CAMISAS/Mike/1000x1263/Camisa-Hombre-Mike-Gris-Jaspe-11089-Frente-Gef.jpg?sharp=1&height=400&width=400;GEF;MANGA LARGA
705252;7703081493367;https://aatdtkgdoo.cloudimg.io/v7/http://www.gef.com.co/wcsstore/CrystalCo_CAT_AS/2020/GEF/ES-CO/Imagenes/Hombres/CAMISAS/Mike/1000x1263/Camisa-Hombre-Mike-Azul-Oscuro-37718-Frente-Gef.jpg?sharp=1&height=400&width=400;GEF;MANGA LARGA
705252;7703081493374;https://aatdtkgdoo.cloudimg.io/v7/http://www.gef.com.co/wcsstore/CrystalCo_CAT_AS/2020/GEF/ES-CO/Imagenes/Hombres/CAMISAS/Mike/1000x1263/Camisa-Hombre-Mike-Azul-5746-Frente-Gef.jpg?sharp=1&height=400&width=400;GEF;MANGA LARGA
705252;7703081493381;https://aatdtkgdoo.cloudimg.io/v7/http://www.gef.com.co/wcsstore/CrystalCo_CAT_AS/2020/GEF/ES-CO/Imagenes/Hombres/CAMISAS/Mike/1000x1263/Camisa-Hombre-Mike-Gris-Jaspe-11089-Frente-Gef.jpg?sharp=1&height=400&width=400;GEF;MANGA LARGA
705252;7703081493398;https://aatdtkgdoo.cloudimg.io/v7/http://www.gef.com.co/wcsstore/CrystalCo_CAT_AS/2020/GEF/ES-CO/Imagenes/Hombres/CAMISAS/Mike/1000x1263/Camisa-Hombre-Mike-Azul-Oscuro-37718-Frente-Gef.jpg?sharp=1&height=400&width=400;GEF;MANGA LARGA
705252;7703081493404;https://aatdtkgdoo.cloudimg.io/v7/http://www.gef.com.co/wcsstore/CrystalCo_CAT_AS/2020/GEF/ES-CO/Imagenes/Hombres/CAMISAS/Mike/1000x1263/Camisa-Hombre-Mike-Azul-5746-Frente-Gef.jpg?sharp=1&height=400&width=400;GEF;MANGA LARGA
705252;7703081493411;https://aatdtkgdoo.cloudimg.io/v7/http://www.gef.com.co/wcsstore/CrystalCo_CAT_AS/2020/GEF/ES-CO/Imagenes/Hombres/CAMISAS/Mike/1000x1263/Camisa-Hombre-Mike-Gris-Jaspe-11089-Frente-Gef.jpg?sharp=1&height=400&width=400;GEF;MANGA LARGA
705252;7703081493428;https://aatdtkgdoo.cloudimg.io/v7/http://www.gef.com.co/wcsstore/CrystalCo_CAT_AS/2020/GEF/ES-CO/Imagenes/Hombres/CAMISAS/Mike/1000x1263/Camisa-Hombre-Mike-Azul-Oscuro-37718-Frente-Gef.jpg?sharp=1&height=400&width=400;GEF;MANGA LARGA
716521;7703081493626;https://aatdtkgdoo.cloudimg.io/v7/http://www.gef.com.co/wcsstore/CrystalCo_CAT_AS/2020/GEF/ES-CO/Imagenes/Hombres/CAMISAS/Koke/1000x1263/Camisa-Hombre-Koke-Azul-Oscuro-37718-Frente-Gef.jpg?sharp=1&height=400&width=400;GEF;MANGA LARGA
716521;7703081493657;https://aatdtkgdoo.cloudimg.io/v7/http://www.gef.com.co/wcsstore/CrystalCo_CAT_AS/2020/GEF/ES-CO/Imagenes/Hombres/CAMISAS/Koke/1000x1263/Camisa-Hombre-Koke-Azul-Oscuro-37718-Frente-Gef.jpg?sharp=1&height=400&width=400;GEF;MANGA LARGA
716521;7703081493688;https://aatdtkgdoo.cloudimg.io/v7/http://www.gef.com.co/wcsstore/CrystalCo_CAT_AS/2020/GEF/ES-CO/Imagenes/Hombres/CAMISAS/Koke/1000x1263/Camisa-Hombre-Koke-Azul-Oscuro-37718-Frente-Gef.jpg?sharp=1&height=400&width=400;GEF;MANGA LARGA
716521;7703081493718;https://aatdtkgdoo.cloudimg.io/v7/http://www.gef.com.co/wcsstore/CrystalCo_CAT_AS/2020/GEF/ES-CO/Imagenes/Hombres/CAMISAS/Koke/1000x1263/Camisa-Hombre-Koke-Azul-Oscuro-37718-Frente-Gef.jpg?sharp=1&height=400&width=400;GEF;MANGA LARGA
650215;7703081494135;https://aatdtkgdoo.cloudimg.io/v7/http://www.gef.com.co/wcsstore/CrystalCo_CAT_AS/2020/GEF/ES-CO/Imagenes/Ninos/CHAQUETAS_BUSOS/Audi_Kd/1000x1263/Chaqueta-Nino-Audi-Kd-Gris-Jaspe-7110-Frente-Gef.jpg?sharp=1&height=400&width=400;GEF;MANGA LARGA
650215;7703081494166;https://aatdtkgdoo.cloudimg.io/v7/http://www.gef.com.co/wcsstore/CrystalCo_CAT_AS/2020/GEF/ES-CO/Imagenes/Ninos/CHAQUETAS_BUSOS/Audi_Kd/1000x1263/Chaqueta-Nino-Audi-Kd-Gris-Jaspe-7110-Frente-Gef.jpg?sharp=1&height=400&width=400;GEF;MANGA LARGA
650215;7703081494197;https://aatdtkgdoo.cloudimg.io/v7/http://www.gef.com.co/wcsstore/CrystalCo_CAT_AS/2020/GEF/ES-CO/Imagenes/Ninos/CHAQUETAS_BUSOS/Audi_Kd/1000x1263/Chaqueta-Nino-Audi-Kd-Gris-Jaspe-7110-Frente-Gef.jpg?sharp=1&height=400&width=400;GEF;MANGA LARGA
650215;7703081494227;https://aatdtkgdoo.cloudimg.io/v7/http://www.gef.com.co/wcsstore/CrystalCo_CAT_AS/2020/GEF/ES-CO/Imagenes/Ninos/CHAQUETAS_BUSOS/Audi_Kd/1000x1263/Chaqueta-Nino-Audi-Kd-Gris-Jaspe-7110-Frente-Gef.jpg?sharp=1&height=400&width=400;GEF;MANGA LARGA
650215;7703081494258;https://aatdtkgdoo.cloudimg.io/v7/http://www.gef.com.co/wcsstore/CrystalCo_CAT_AS/2020/GEF/ES-CO/Imagenes/Ninos/CHAQUETAS_BUSOS/Audi_Kd/1000x1263/Chaqueta-Nino-Audi-Kd-Gris-Jaspe-7110-Frente-Gef.jpg?sharp=1&height=400&width=400;GEF;MANGA LARGA
707732;7703081494425;https://aatdtkgdoo.cloudimg.io/v7/http://www.gef.com.co/wcsstore/CrystalCo_CAT_AS/2020/GEF/ES-CO/Imagenes/Ninos/CAMISETAS/Brook_Kd/1000x1263/Camiseta-Nino-Brook-Kd-Blanco-952-Frente-Gef.jpg?sharp=1&height=400&width=400;GEF;MANGA CORTA
707732;7703081494456;https://aatdtkgdoo.cloudimg.io/v7/http://www.gef.com.co/wcsstore/CrystalCo_CAT_AS/2020/GEF/ES-CO/Imagenes/Ninos/CAMISETAS/Brook_Kd/1000x1263/Camiseta-Nino-Brook-Kd-Gris-Jaspe-7110-Frente-Gef.jpg?sharp=1&height=400&width=400;GEF;MANGA CORTA
707732;7703081494463;https://aatdtkgdoo.cloudimg.io/v7/http://www.gef.com.co/wcsstore/CrystalCo_CAT_AS/2020/GEF/ES-CO/Imagenes/Ninos/CAMISETAS/Brook_Kd/1000x1263/Camiseta-Nino-Brook-Kd-Blanco-952-Frente-Gef.jpg?sharp=1&height=400&width=400;GEF;MANGA CORTA
707732;7703081494500;https://aatdtkgdoo.cloudimg.io/v7/http://www.gef.com.co/wcsstore/CrystalCo_CAT_AS/2020/GEF/ES-CO/Imagenes/Ninos/CAMISETAS/Brook_Kd/1000x1263/Camiseta-Nino-Brook-Kd-Blanco-952-Frente-Gef.jpg?sharp=1&height=400&width=400;GEF;MANGA CORTA
707732;7703081494531;https://aatdtkgdoo.cloudimg.io/v7/http://www.gef.com.co/wcsstore/CrystalCo_CAT_AS/2020/GEF/ES-CO/Imagenes/Ninos/CAMISETAS/Brook_Kd/1000x1263/Camiseta-Nino-Brook-Kd-Gris-Jaspe-7110-Frente-Gef.jpg?sharp=1&height=400&width=400;GEF;MANGA CORTA
707732;7703081494548;https://aatdtkgdoo.cloudimg.io/v7/http://www.gef.com.co/wcsstore/CrystalCo_CAT_AS/2020/GEF/ES-CO/Imagenes/Ninos/CAMISETAS/Brook_Kd/1000x1263/Camiseta-Nino-Brook-Kd-Blanco-952-Frente-Gef.jpg?sharp=1&height=400&width=400;GEF;MANGA CORTA
707732;7703081494579;https://aatdtkgdoo.cloudimg.io/v7/http://www.gef.com.co/wcsstore/CrystalCo_CAT_AS/2020/GEF/ES-CO/Imagenes/Ninos/CAMISETAS/Brook_Kd/1000x1263/Camiseta-Nino-Brook-Kd-Gris-Jaspe-7110-Frente-Gef.jpg?sharp=1&height=400&width=400;GEF;MANGA CORTA
707732;7703081494586;https://aatdtkgdoo.cloudimg.io/v7/http://www.gef.com.co/wcsstore/CrystalCo_CAT_AS/2020/GEF/ES-CO/Imagenes/Ninos/CAMISETAS/Brook_Kd/1000x1263/Camiseta-Nino-Brook-Kd-Blanco-952-Frente-Gef.jpg?sharp=1&height=400&width=400;GEF;MANGA CORTA
707732;7703081494616;https://aatdtkgdoo.cloudimg.io/v7/http://www.gef.com.co/wcsstore/CrystalCo_CAT_AS/2020/GEF/ES-CO/Imagenes/Ninos/CAMISETAS/Brook_Kd/1000x1263/Camiseta-Nino-Brook-Kd-Gris-Jaspe-7110-Frente-Gef.jpg?sharp=1&height=400&width=400;GEF;MANGA CORTA
709438;7703081495781;https://aatdtkgdoo.cloudimg.io/v7/http://www.gef.com.co/wcsstore/CrystalCo_CAT_AS/2020/GEF/ES-CO/Imagenes/Ninos/CAMISETAS/Erevan_Kd/1000x1263/Camiseta-Nino-Erevan-Kd-Blanco-941-Frente-Gef.jpg?sharp=1&height=400&width=400;GEF;MANGA CORTA
709438;7703081495798;https://aatdtkgdoo.cloudimg.io/v7/http://www.gef.com.co/wcsstore/CrystalCo_CAT_AS/2020/GEF/ES-CO/Imagenes/Ninos/CAMISETAS/Erevan_Kd/1000x1263/Camiseta-Nino-Erevan-Kd-Azul-5728-Frente-Gef.jpg?sharp=1&height=400&width=400;GEF;MANGA CORTA
709438;7703081495811;https://aatdtkgdoo.cloudimg.io/v7/http://www.gef.com.co/wcsstore/CrystalCo_CAT_AS/2020/GEF/ES-CO/Imagenes/Ninos/CAMISETAS/Erevan_Kd/1000x1263/Camiseta-Nino-Erevan-Kd-Amarillo-15267-Frente-Gef.jpg?sharp=1&height=400&width=400;GEF;MANGA CORTA
709438;7703081495828;https://aatdtkgdoo.cloudimg.io/v7/http://www.gef.com.co/wcsstore/CrystalCo_CAT_AS/2020/GEF/ES-CO/Imagenes/Ninos/CAMISETAS/Erevan_Kd/1000x1263/Camiseta-Nino-Erevan-Kd-Verde-15849-Frente-Gef.jpg?sharp=1&height=400&width=400;GEF;MANGA CORTA
709438;7703081495842;https://aatdtkgdoo.cloudimg.io/v7/http://www.gef.com.co/wcsstore/CrystalCo_CAT_AS/2020/GEF/ES-CO/Imagenes/Ninos/CAMISETAS/Erevan_Kd/1000x1263/Camiseta-Nino-Erevan-Kd-Blanco-941-Frente-Gef.jpg?sharp=1&height=400&width=400;GEF;MANGA CORTA
709438;7703081495859;https://aatdtkgdoo.cloudimg.io/v7/http://www.gef.com.co/wcsstore/CrystalCo_CAT_AS/2020/GEF/ES-CO/Imagenes/Ninos/CAMISETAS/Erevan_Kd/1000x1263/Camiseta-Nino-Erevan-Kd-Azul-5728-Frente-Gef.jpg?sharp=1&height=400&width=400;GEF;MANGA CORTA
709438;7703081495873;https://aatdtkgdoo.cloudimg.io/v7/http://www.gef.com.co/wcsstore/CrystalCo_CAT_AS/2020/GEF/ES-CO/Imagenes/Ninos/CAMISETAS/Erevan_Kd/1000x1263/Camiseta-Nino-Erevan-Kd-Amarillo-15267-Frente-Gef.jpg?sharp=1&height=400&width=400;GEF;MANGA CORTA
709438;7703081495880;https://aatdtkgdoo.cloudimg.io/v7/http://www.gef.com.co/wcsstore/CrystalCo_CAT_AS/2020/GEF/ES-CO/Imagenes/Ninos/CAMISETAS/Erevan_Kd/1000x1263/Camiseta-Nino-Erevan-Kd-Verde-15849-Frente-Gef.jpg?sharp=1&height=400&width=400;GEF;MANGA CORTA
709438;7703081495903;https://aatdtkgdoo.cloudimg.io/v7/http://www.gef.com.co/wcsstore/CrystalCo_CAT_AS/2020/GEF/ES-CO/Imagenes/Ninos/CAMISETAS/Erevan_Kd/1000x1263/Camiseta-Nino-Erevan-Kd-Blanco-941-Frente-Gef.jpg?sharp=1&height=400&width=400;GEF;MANGA CORTA
709438;7703081495910;https://aatdtkgdoo.cloudimg.io/v7/http://www.gef.com.co/wcsstore/CrystalCo_CAT_AS/2020/GEF/ES-CO/Imagenes/Ninos/CAMISETAS/Erevan_Kd/1000x1263/Camiseta-Nino-Erevan-Kd-Azul-5728-Frente-Gef.jpg?sharp=1&height=400&width=400;GEF;MANGA CORTA
709438;7703081495934;https://aatdtkgdoo.cloudimg.io/v7/http://www.gef.com.co/wcsstore/CrystalCo_CAT_AS/2020/GEF/ES-CO/Imagenes/Ninos/CAMISETAS/Erevan_Kd/1000x1263/Camiseta-Nino-Erevan-Kd-Amarillo-15267-Frente-Gef.jpg?sharp=1&height=400&width=400;GEF;MANGA CORTA
709438;7703081495941;https://aatdtkgdoo.cloudimg.io/v7/http://www.gef.com.co/wcsstore/CrystalCo_CAT_AS/2020/GEF/ES-CO/Imagenes/Ninos/CAMISETAS/Erevan_Kd/1000x1263/Camiseta-Nino-Erevan-Kd-Verde-15849-Frente-Gef.jpg?sharp=1&height=400&width=400;GEF;MANGA CORTA
709438;7703081495965;https://aatdtkgdoo.cloudimg.io/v7/http://www.gef.com.co/wcsstore/CrystalCo_CAT_AS/2020/GEF/ES-CO/Imagenes/Ninos/CAMISETAS/Erevan_Kd/1000x1263/Camiseta-Nino-Erevan-Kd-Blanco-941-Frente-Gef.jpg?sharp=1&height=400&width=400;GEF;MANGA CORTA
709438;7703081495972;https://aatdtkgdoo.cloudimg.io/v7/http://www.gef.com.co/wcsstore/CrystalCo_CAT_AS/2020/GEF/ES-CO/Imagenes/Ninos/CAMISETAS/Erevan_Kd/1000x1263/Camiseta-Nino-Erevan-Kd-Azul-5728-Frente-Gef.jpg?sharp=1&height=400&width=400;GEF;MANGA CORTA
709438;7703081495996;https://aatdtkgdoo.cloudimg.io/v7/http://www.gef.com.co/wcsstore/CrystalCo_CAT_AS/2020/GEF/ES-CO/Imagenes/Ninos/CAMISETAS/Erevan_Kd/1000x1263/Camiseta-Nino-Erevan-Kd-Amarillo-15267-Frente-Gef.jpg?sharp=1&height=400&width=400;GEF;MANGA CORTA
709438;7703081496009;https://aatdtkgdoo.cloudimg.io/v7/http://www.gef.com.co/wcsstore/CrystalCo_CAT_AS/2020/GEF/ES-CO/Imagenes/Ninos/CAMISETAS/Erevan_Kd/1000x1263/Camiseta-Nino-Erevan-Kd-Verde-15849-Frente-Gef.jpg?sharp=1&height=400&width=400;GEF;MANGA CORTA
709438;7703081496023;https://aatdtkgdoo.cloudimg.io/v7/http://www.gef.com.co/wcsstore/CrystalCo_CAT_AS/2020/GEF/ES-CO/Imagenes/Ninos/CAMISETAS/Erevan_Kd/1000x1263/Camiseta-Nino-Erevan-Kd-Blanco-941-Frente-Gef.jpg?sharp=1&height=400&width=400;GEF;MANGA CORTA
709438;7703081496030;https://aatdtkgdoo.cloudimg.io/v7/http://www.gef.com.co/wcsstore/CrystalCo_CAT_AS/2020/GEF/ES-CO/Imagenes/Ninos/CAMISETAS/Erevan_Kd/1000x1263/Camiseta-Nino-Erevan-Kd-Azul-5728-Frente-Gef.jpg?sharp=1&height=400&width=400;GEF;MANGA CORTA
709438;7703081496054;https://aatdtkgdoo.cloudimg.io/v7/http://www.gef.com.co/wcsstore/CrystalCo_CAT_AS/2020/GEF/ES-CO/Imagenes/Ninos/CAMISETAS/Erevan_Kd/1000x1263/Camiseta-Nino-Erevan-Kd-Amarillo-15267-Frente-Gef.jpg?sharp=1&height=400&width=400;GEF;MANGA CORTA
709438;7703081496061;https://aatdtkgdoo.cloudimg.io/v7/http://www.gef.com.co/wcsstore/CrystalCo_CAT_AS/2020/GEF/ES-CO/Imagenes/Ninos/CAMISETAS/Erevan_Kd/1000x1263/Camiseta-Nino-Erevan-Kd-Verde-15849-Frente-Gef.jpg?sharp=1&height=400&width=400;GEF;MANGA CORTA
702876;7703081500812;https://aatdtkgdoo.cloudimg.io/v7/https://www.galax.co/wcsstore/CrystalCo_CAT_AS/2020/GLX/ES-CO/Imagenes/Junior_Masculino/Medias/Dublin_X_3_Jr/1000x1263/Medias-Junior-Masculino-Dublin-X-3-Jr-Surtido-9909-Frente-Glx.jpg?sharp=1&height=400&width=400;GALAX;NYLON
702876;7703081500829;https://aatdtkgdoo.cloudimg.io/v7/https://www.galax.co/wcsstore/CrystalCo_CAT_AS/2020/GLX/ES-CO/Imagenes/Junior_Masculino/Medias/Dublin_X_3_Jr/1000x1263/Medias-Junior-Masculino-Dublin-X-3-Jr-Surtido-9910-Frente-Glx.jpg?sharp=1&height=400&width=400;GALAX;NYLON
702876;7703081500836;https://aatdtkgdoo.cloudimg.io/v7/https://www.galax.co/wcsstore/CrystalCo_CAT_AS/2020/GLX/ES-CO/Imagenes/Junior_Masculino/Medias/Dublin_X_3_Jr/1000x1263/Medias-Junior-Masculino-Dublin-X-3-Jr-Surtido-9909-Frente-Glx.jpg?sharp=1&height=400&width=400;GALAX;NYLON
702876;7703081500843;https://aatdtkgdoo.cloudimg.io/v7/https://www.galax.co/wcsstore/CrystalCo_CAT_AS/2020/GLX/ES-CO/Imagenes/Junior_Masculino/Medias/Dublin_X_3_Jr/1000x1263/Medias-Junior-Masculino-Dublin-X-3-Jr-Surtido-9910-Frente-Glx.jpg?sharp=1&height=400&width=400;GALAX;NYLON
717115;7703081501468;https://aatdtkgdoo.cloudimg.io/v7/http://www.gef.com.co/wcsstore/CrystalCo_CAT_AS/2020/GEF/ES-CO/Imagenes/Mujer_Adulta/CAMISAS/Ejom/1000x1263/Camisa-Mujer-Adulta-Ejom-Crema-15087-Frente-Gef.jpg?sharp=1&height=400&width=400;GEF;SIN MANGA
717115;7703081501475;https://aatdtkgdoo.cloudimg.io/v7/http://www.gef.com.co/wcsstore/CrystalCo_CAT_AS/2020/GEF/ES-CO/Imagenes/Mujer_Adulta/CAMISAS/Ejom/1000x1263/Camisa-Mujer-Adulta-Ejom-Crema-15087-Frente-Gef.jpg?sharp=1&height=400&width=400;GEF;SIN MANGA
717115;7703081501482;https://aatdtkgdoo.cloudimg.io/v7/http://www.gef.com.co/wcsstore/CrystalCo_CAT_AS/2020/GEF/ES-CO/Imagenes/Mujer_Adulta/CAMISAS/Ejom/1000x1263/Camisa-Mujer-Adulta-Ejom-Crema-15087-Frente-Gef.jpg?sharp=1&height=400&width=400;GEF;SIN MANGA
717115;7703081501499;https://aatdtkgdoo.cloudimg.io/v7/http://www.gef.com.co/wcsstore/CrystalCo_CAT_AS/2020/GEF/ES-CO/Imagenes/Mujer_Adulta/CAMISAS/Ejom/1000x1263/Camisa-Mujer-Adulta-Ejom-Crema-15087-Frente-Gef.jpg?sharp=1&height=400&width=400;GEF;SIN MANGA
722839;7703081530864;https://aatdtkgdoo.cloudimg.io/v7/http://www.gef.com.co/wcsstore/CrystalCo_CAT_AS/2020/GEF/ES-CO/Imagenes/Ninas/FALDAS/Litre_Kd/1000x1263/Falda-Nina-Litre-Kd-Azul-5758-Frente-Gef.jpg?sharp=1&height=400&width=400;GEF;SIN INTERIOR
722839;7703081530871;https://aatdtkgdoo.cloudimg.io/v7/http://www.gef.com.co/wcsstore/CrystalCo_CAT_AS/2020/GEF/ES-CO/Imagenes/Ninas/FALDAS/Litre_Kd/1000x1263/Falda-Nina-Litre-Kd-Azul-5758-Frente-Gef.jpg?sharp=1&height=400&width=400;GEF;SIN INTERIOR
722839;7703081530888;https://aatdtkgdoo.cloudimg.io/v7/http://www.gef.com.co/wcsstore/CrystalCo_CAT_AS/2020/GEF/ES-CO/Imagenes/Ninas/FALDAS/Litre_Kd/1000x1263/Falda-Nina-Litre-Kd-Azul-5758-Frente-Gef.jpg?sharp=1&height=400&width=400;GEF;SIN INTERIOR
722839;7703081530895;https://aatdtkgdoo.cloudimg.io/v7/http://www.gef.com.co/wcsstore/CrystalCo_CAT_AS/2020/GEF/ES-CO/Imagenes/Ninas/FALDAS/Litre_Kd/1000x1263/Falda-Nina-Litre-Kd-Azul-5758-Frente-Gef.jpg?sharp=1&height=400&width=400;GEF;SIN INTERIOR
722839;7703081530901;https://aatdtkgdoo.cloudimg.io/v7/http://www.gef.com.co/wcsstore/CrystalCo_CAT_AS/2020/GEF/ES-CO/Imagenes/Ninas/FALDAS/Litre_Kd/1000x1263/Falda-Nina-Litre-Kd-Azul-5758-Frente-Gef.jpg?sharp=1&height=400&width=400;GEF;SIN INTERIOR
722839;7703081530918;https://aatdtkgdoo.cloudimg.io/v7/http://www.gef.com.co/wcsstore/CrystalCo_CAT_AS/2020/GEF/ES-CO/Imagenes/Ninas/FALDAS/Litre_Kd/1000x1263/Falda-Nina-Litre-Kd-Azul-5758-Frente-Gef.jpg?sharp=1&height=400&width=400;GEF;SIN INTERIOR
722892;7703081531328;https://aatdtkgdoo.cloudimg.io/v7/http://www.gef.com.co/wcsstore/CrystalCo_CAT_AS/2020/GEF/ES-CO/Imagenes/Ninos/CAMISAS/Lege_Kd/1000x1263/Camisa-Nino-Lege-Kd-Azul-5758-Frente-Gef.jpg?sharp=1&height=400&width=400;GEF;MANGA CORTA
722892;7703081531342;https://aatdtkgdoo.cloudimg.io/v7/http://www.gef.com.co/wcsstore/CrystalCo_CAT_AS/2020/GEF/ES-CO/Imagenes/Ninos/CAMISAS/Lege_Kd/1000x1263/Camisa-Nino-Lege-Kd-Azul-5758-Frente-Gef.jpg?sharp=1&height=400&width=400;GEF;MANGA CORTA
722892;7703081531366;https://aatdtkgdoo.cloudimg.io/v7/http://www.gef.com.co/wcsstore/CrystalCo_CAT_AS/2020/GEF/ES-CO/Imagenes/Ninos/CAMISAS/Lege_Kd/1000x1263/Camisa-Nino-Lege-Kd-Azul-5758-Frente-Gef.jpg?sharp=1&height=400&width=400;GEF;MANGA CORTA
722892;7703081531380;https://aatdtkgdoo.cloudimg.io/v7/http://www.gef.com.co/wcsstore/CrystalCo_CAT_AS/2020/GEF/ES-CO/Imagenes/Ninos/CAMISAS/Lege_Kd/1000x1263/Camisa-Nino-Lege-Kd-Azul-5758-Frente-Gef.jpg?sharp=1&height=400&width=400;GEF;MANGA CORTA
722892;7703081531403;https://aatdtkgdoo.cloudimg.io/v7/http://www.gef.com.co/wcsstore/CrystalCo_CAT_AS/2020/GEF/ES-CO/Imagenes/Ninos/CAMISAS/Lege_Kd/1000x1263/Camisa-Nino-Lege-Kd-Azul-5758-Frente-Gef.jpg?sharp=1&height=400&width=400;GEF;MANGA CORTA
722892;7703081531427;https://aatdtkgdoo.cloudimg.io/v7/http://www.gef.com.co/wcsstore/CrystalCo_CAT_AS/2020/GEF/ES-CO/Imagenes/Ninos/CAMISAS/Lege_Kd/1000x1263/Camisa-Nino-Lege-Kd-Azul-5758-Frente-Gef.jpg?sharp=1&height=400&width=400;GEF;MANGA CORTA
722892;7703081537139;https://aatdtkgdoo.cloudimg.io/v7/http://www.gef.com.co/wcsstore/CrystalCo_CAT_AS/2020/GEF/ES-CO/Imagenes/Ninos/CAMISAS/Lege_Kd/1000x1263/Camisa-Nino-Lege-Kd-Blanco-900-Frente-Gef.jpg?sharp=1&height=400&width=400;GEF;MANGA CORTA
722892;7703081537146;https://aatdtkgdoo.cloudimg.io/v7/http://www.gef.com.co/wcsstore/CrystalCo_CAT_AS/2020/GEF/ES-CO/Imagenes/Ninos/CAMISAS/Lege_Kd/1000x1263/Camisa-Nino-Lege-Kd-Blanco-900-Frente-Gef.jpg?sharp=1&height=400&width=400;GEF;MANGA CORTA
722892;7703081537153;https://aatdtkgdoo.cloudimg.io/v7/http://www.gef.com.co/wcsstore/CrystalCo_CAT_AS/2020/GEF/ES-CO/Imagenes/Ninos/CAMISAS/Lege_Kd/1000x1263/Camisa-Nino-Lege-Kd-Blanco-900-Frente-Gef.jpg?sharp=1&height=400&width=400;GEF;MANGA CORTA
722892;7703081537160;https://aatdtkgdoo.cloudimg.io/v7/http://www.gef.com.co/wcsstore/CrystalCo_CAT_AS/2020/GEF/ES-CO/Imagenes/Ninos/CAMISAS/Lege_Kd/1000x1263/Camisa-Nino-Lege-Kd-Blanco-900-Frente-Gef.jpg?sharp=1&height=400&width=400;GEF;MANGA CORTA
722892;7703081537177;https://aatdtkgdoo.cloudimg.io/v7/http://www.gef.com.co/wcsstore/CrystalCo_CAT_AS/2020/GEF/ES-CO/Imagenes/Ninos/CAMISAS/Lege_Kd/1000x1263/Camisa-Nino-Lege-Kd-Blanco-900-Frente-Gef.jpg?sharp=1&height=400&width=400;GEF;MANGA CORTA
722892;7703081537184;https://aatdtkgdoo.cloudimg.io/v7/http://www.gef.com.co/wcsstore/CrystalCo_CAT_AS/2020/GEF/ES-CO/Imagenes/Ninos/CAMISAS/Lege_Kd/1000x1263/Camisa-Nino-Lege-Kd-Blanco-900-Frente-Gef.jpg?sharp=1&height=400&width=400;GEF;MANGA CORTA
710170;7703081544441;https://aatdtkgdoo.cloudimg.io/v7/http://www.gef.com.co/wcsstore/CrystalCo_CAT_AS/2020/GEF/ES-CO/Imagenes/Ninas/DEPORTIVO/Muly_Pantalon_Kd/1000x1263/Pantalon-Nina-Muly-Pantalon-Kd-Gris-7209-Frente-Gef.jpg?sharp=1&height=400&width=400;GEF;
710170;7703081544458;https://aatdtkgdoo.cloudimg.io/v7/http://www.gef.com.co/wcsstore/CrystalCo_CAT_AS/2020/GEF/ES-CO/Imagenes/Ninas/DEPORTIVO/Muly_Pantalon_Kd/1000x1263/Pantalon-Nina-Muly-Pantalon-Kd-Gris-7209-Frente-Gef.jpg?sharp=1&height=400&width=400;GEF;
710170;7703081544465;https://aatdtkgdoo.cloudimg.io/v7/http://www.gef.com.co/wcsstore/CrystalCo_CAT_AS/2020/GEF/ES-CO/Imagenes/Ninas/DEPORTIVO/Muly_Pantalon_Kd/1000x1263/Pantalon-Nina-Muly-Pantalon-Kd-Gris-7209-Frente-Gef.jpg?sharp=1&height=400&width=400;GEF;
710170;7703081544472;https://aatdtkgdoo.cloudimg.io/v7/http://www.gef.com.co/wcsstore/CrystalCo_CAT_AS/2020/GEF/ES-CO/Imagenes/Ninas/DEPORTIVO/Muly_Pantalon_Kd/1000x1263/Pantalon-Nina-Muly-Pantalon-Kd-Gris-7209-Frente-Gef.jpg?sharp=1&height=400&width=400;GEF;
710170;7703081544489;https://aatdtkgdoo.cloudimg.io/v7/http://www.gef.com.co/wcsstore/CrystalCo_CAT_AS/2020/GEF/ES-CO/Imagenes/Ninas/DEPORTIVO/Muly_Pantalon_Kd/1000x1263/Pantalon-Nina-Muly-Pantalon-Kd-Gris-7209-Frente-Gef.jpg?sharp=1&height=400&width=400;GEF;
720478;7703081547190;https://aatdtkgdoo.cloudimg.io/v7/http://www.gef.com.co/wcsstore/CrystalCo_CAT_AS/2020/GEF/ES-CO/Imagenes/Mujeres/CAMISETAS/Pauli/1000x1263/Camiseta-Mujer-Pauli-Fucsia-16743-Frente-Gef.jpg?sharp=1&height=400&width=400;GEF;SISA ENTRADA
720478;7703081547220;https://aatdtkgdoo.cloudimg.io/v7/http://www.gef.com.co/wcsstore/CrystalCo_CAT_AS/2020/GEF/ES-CO/Imagenes/Mujeres/CAMISETAS/Pauli/1000x1263/Camiseta-Mujer-Pauli-Fucsia-16743-Frente-Gef.jpg?sharp=1&height=400&width=400;GEF;SISA ENTRADA
720478;7703081547251;https://aatdtkgdoo.cloudimg.io/v7/http://www.gef.com.co/wcsstore/CrystalCo_CAT_AS/2020/GEF/ES-CO/Imagenes/Mujeres/CAMISETAS/Pauli/1000x1263/Camiseta-Mujer-Pauli-Fucsia-16743-Frente-Gef.jpg?sharp=1&height=400&width=400;GEF;SISA ENTRADA
720478;7703081547282;https://aatdtkgdoo.cloudimg.io/v7/http://www.gef.com.co/wcsstore/CrystalCo_CAT_AS/2020/GEF/ES-CO/Imagenes/Mujeres/CAMISETAS/Pauli/1000x1263/Camiseta-Mujer-Pauli-Fucsia-16743-Frente-Gef.jpg?sharp=1&height=400&width=400;GEF;SISA ENTRADA
722055;7703081555577;https://aatdtkgdoo.cloudimg.io/v7/http://www.gef.com.co/wcsstore/CrystalCo_CAT_AS/2020/GEF/ES-CO/Imagenes/Ninos/CAMISETAS/Ludu_Kd/1000x1263/Camiseta-Nino-Ludu-Kd-Azul-5728-Frente-Gef.jpg?sharp=1&height=400&width=400;GEF;MANGA CORTA
722055;7703081555584;https://aatdtkgdoo.cloudimg.io/v7/http://www.gef.com.co/wcsstore/CrystalCo_CAT_AS/2020/GEF/ES-CO/Imagenes/Ninos/CAMISETAS/Ludu_Kd/1000x1263/Camiseta-Nino-Ludu-Kd-Azul-5728-Frente-Gef.jpg?sharp=1&height=400&width=400;GEF;MANGA CORTA
722055;7703081555591;https://aatdtkgdoo.cloudimg.io/v7/http://www.gef.com.co/wcsstore/CrystalCo_CAT_AS/2020/GEF/ES-CO/Imagenes/Ninos/CAMISETAS/Ludu_Kd/1000x1263/Camiseta-Nino-Ludu-Kd-Azul-5728-Frente-Gef.jpg?sharp=1&height=400&width=400;GEF;MANGA CORTA
722055;7703081555607;https://aatdtkgdoo.cloudimg.io/v7/http://www.gef.com.co/wcsstore/CrystalCo_CAT_AS/2020/GEF/ES-CO/Imagenes/Ninos/CAMISETAS/Ludu_Kd/1000x1263/Camiseta-Nino-Ludu-Kd-Azul-5728-Frente-Gef.jpg?sharp=1&height=400&width=400;GEF;MANGA CORTA
722055;7703081555614;https://aatdtkgdoo.cloudimg.io/v7/http://www.gef.com.co/wcsstore/CrystalCo_CAT_AS/2020/GEF/ES-CO/Imagenes/Ninos/CAMISETAS/Ludu_Kd/1000x1263/Camiseta-Nino-Ludu-Kd-Azul-5728-Frente-Gef.jpg?sharp=1&height=400&width=400;GEF;MANGA CORTA
723285;7703081562599;https://aatdtkgdoo.cloudimg.io/v7/http://www.gef.com.co/wcsstore/CrystalCo_CAT_AS/2020/GEF/ES-CO/Imagenes/Ninas/CAMISETAS/Lente_Kd/1000x1263/Camiseta-Nina-Lente-Kd-Blanco-908-Frente-Gef.jpg?sharp=1&height=400&width=400;GEF;MANGA CORTA
723285;7703081562605;https://aatdtkgdoo.cloudimg.io/v7/http://www.gef.com.co/wcsstore/CrystalCo_CAT_AS/2020/GEF/ES-CO/Imagenes/Ninas/CAMISETAS/Lente_Kd/1000x1263/Camiseta-Nina-Lente-Kd-Rosado-15503-Frente-Gef.jpg?sharp=1&height=400&width=400;GEF;MANGA CORTA
723285;7703081562612;https://aatdtkgdoo.cloudimg.io/v7/http://www.gef.com.co/wcsstore/CrystalCo_CAT_AS/2020/GEF/ES-CO/Imagenes/Ninas/CAMISETAS/Lente_Kd/1000x1263/Camiseta-Nina-Lente-Kd-Amarillo-15660-Frente-Gef.jpg?sharp=1&height=400&width=400;GEF;MANGA CORTA
723285;7703081562636;https://aatdtkgdoo.cloudimg.io/v7/http://www.gef.com.co/wcsstore/CrystalCo_CAT_AS/2020/GEF/ES-CO/Imagenes/Ninas/CAMISETAS/Lente_Kd/1000x1263/Camiseta-Nina-Lente-Kd-Blanco-908-Frente-Gef.jpg?sharp=1&height=400&width=400;GEF;MANGA CORTA
723285;7703081562643;https://aatdtkgdoo.cloudimg.io/v7/http://www.gef.com.co/wcsstore/CrystalCo_CAT_AS/2020/GEF/ES-CO/Imagenes/Ninas/CAMISETAS/Lente_Kd/1000x1263/Camiseta-Nina-Lente-Kd-Rosado-15503-Frente-Gef.jpg?sharp=1&height=400&width=400;GEF;MANGA CORTA
723285;7703081562773;https://aatdtkgdoo.cloudimg.io/v7/http://www.gef.com.co/wcsstore/CrystalCo_CAT_AS/2020/GEF/ES-CO/Imagenes/Ninas/CAMISETAS/Lente_Kd/1000x1263/Camiseta-Nina-Lente-Kd-Amarillo-15660-Frente-Gef.jpg?sharp=1&height=400&width=400;GEF;MANGA CORTA
723285;7703081562797;https://aatdtkgdoo.cloudimg.io/v7/http://www.gef.com.co/wcsstore/CrystalCo_CAT_AS/2020/GEF/ES-CO/Imagenes/Ninas/CAMISETAS/Lente_Kd/1000x1263/Camiseta-Nina-Lente-Kd-Blanco-908-Frente-Gef.jpg?sharp=1&height=400&width=400;GEF;MANGA CORTA
723285;7703081562803;https://aatdtkgdoo.cloudimg.io/v7/http://www.gef.com.co/wcsstore/CrystalCo_CAT_AS/2020/GEF/ES-CO/Imagenes/Ninas/CAMISETAS/Lente_Kd/1000x1263/Camiseta-Nina-Lente-Kd-Rosado-15503-Frente-Gef.jpg?sharp=1&height=400&width=400;GEF;MANGA CORTA
723285;7703081562810;https://aatdtkgdoo.cloudimg.io/v7/http://www.gef.com.co/wcsstore/CrystalCo_CAT_AS/2020/GEF/ES-CO/Imagenes/Ninas/CAMISETAS/Lente_Kd/1000x1263/Camiseta-Nina-Lente-Kd-Amarillo-15660-Frente-Gef.jpg?sharp=1&height=400&width=400;GEF;MANGA CORTA
723285;7703081562834;https://aatdtkgdoo.cloudimg.io/v7/http://www.gef.com.co/wcsstore/CrystalCo_CAT_AS/2020/GEF/ES-CO/Imagenes/Ninas/CAMISETAS/Lente_Kd/1000x1263/Camiseta-Nina-Lente-Kd-Blanco-908-Frente-Gef.jpg?sharp=1&height=400&width=400;GEF;MANGA CORTA
723285;7703081562841;https://aatdtkgdoo.cloudimg.io/v7/http://www.gef.com.co/wcsstore/CrystalCo_CAT_AS/2020/GEF/ES-CO/Imagenes/Ninas/CAMISETAS/Lente_Kd/1000x1263/Camiseta-Nina-Lente-Kd-Rosado-15503-Frente-Gef.jpg?sharp=1&height=400&width=400;GEF;MANGA CORTA
723285;7703081562858;https://aatdtkgdoo.cloudimg.io/v7/http://www.gef.com.co/wcsstore/CrystalCo_CAT_AS/2020/GEF/ES-CO/Imagenes/Ninas/CAMISETAS/Lente_Kd/1000x1263/Camiseta-Nina-Lente-Kd-Amarillo-15660-Frente-Gef.jpg?sharp=1&height=400&width=400;GEF;MANGA CORTA
723285;7703081562872;https://aatdtkgdoo.cloudimg.io/v7/http://www.gef.com.co/wcsstore/CrystalCo_CAT_AS/2020/GEF/ES-CO/Imagenes/Ninas/CAMISETAS/Lente_Kd/1000x1263/Camiseta-Nina-Lente-Kd-Blanco-908-Frente-Gef.jpg?sharp=1&height=400&width=400;GEF;MANGA CORTA
723285;7703081562889;https://aatdtkgdoo.cloudimg.io/v7/http://www.gef.com.co/wcsstore/CrystalCo_CAT_AS/2020/GEF/ES-CO/Imagenes/Ninas/CAMISETAS/Lente_Kd/1000x1263/Camiseta-Nina-Lente-Kd-Rosado-15503-Frente-Gef.jpg?sharp=1&height=400&width=400;GEF;MANGA CORTA
723285;7703081562896;https://aatdtkgdoo.cloudimg.io/v7/http://www.gef.com.co/wcsstore/CrystalCo_CAT_AS/2020/GEF/ES-CO/Imagenes/Ninas/CAMISETAS/Lente_Kd/1000x1263/Camiseta-Nina-Lente-Kd-Amarillo-15660-Frente-Gef.jpg?sharp=1&height=400&width=400;GEF;MANGA CORTA
723138;7703081566979;https://aatdtkgdoo.cloudimg.io/v7/http://www.gef.com.co/wcsstore/CrystalCo_CAT_AS/2020/GEF/ES-CO/Imagenes/Mujeres/CAMISETAS/Loren/1000x1263/Camiseta-Mujer-Loren-Negro-Intenso-799-Frente-Gef.jpg?sharp=1&height=400&width=400;GEF;MANGA 3/4
723138;7703081566986;https://aatdtkgdoo.cloudimg.io/v7/http://www.gef.com.co/wcsstore/CrystalCo_CAT_AS/2020/GEF/ES-CO/Imagenes/Mujeres/CAMISETAS/Loren/1000x1263/Camiseta-Mujer-Loren-Blanco-900-Frente-Gef.jpg?sharp=1&height=400&width=400;GEF;MANGA 3/4
723138;7703081567013;https://aatdtkgdoo.cloudimg.io/v7/http://www.gef.com.co/wcsstore/CrystalCo_CAT_AS/2020/GEF/ES-CO/Imagenes/Mujeres/CAMISETAS/Loren/1000x1263/Camiseta-Mujer-Loren-Negro-Intenso-799-Frente-Gef.jpg?sharp=1&height=400&width=400;GEF;MANGA 3/4
723138;7703081567020;https://aatdtkgdoo.cloudimg.io/v7/http://www.gef.com.co/wcsstore/CrystalCo_CAT_AS/2020/GEF/ES-CO/Imagenes/Mujeres/CAMISETAS/Loren/1000x1263/Camiseta-Mujer-Loren-Blanco-900-Frente-Gef.jpg?sharp=1&height=400&width=400;GEF;MANGA 3/4
723138;7703081567051;https://aatdtkgdoo.cloudimg.io/v7/http://www.gef.com.co/wcsstore/CrystalCo_CAT_AS/2020/GEF/ES-CO/Imagenes/Mujeres/CAMISETAS/Loren/1000x1263/Camiseta-Mujer-Loren-Negro-Intenso-799-Frente-Gef.jpg?sharp=1&height=400&width=400;GEF;MANGA 3/4
723138;7703081567068;https://aatdtkgdoo.cloudimg.io/v7/http://www.gef.com.co/wcsstore/CrystalCo_CAT_AS/2020/GEF/ES-CO/Imagenes/Mujeres/CAMISETAS/Loren/1000x1263/Camiseta-Mujer-Loren-Blanco-900-Frente-Gef.jpg?sharp=1&height=400&width=400;GEF;MANGA 3/4
723138;7703081567099;https://aatdtkgdoo.cloudimg.io/v7/http://www.gef.com.co/wcsstore/CrystalCo_CAT_AS/2020/GEF/ES-CO/Imagenes/Mujeres/CAMISETAS/Loren/1000x1263/Camiseta-Mujer-Loren-Negro-Intenso-799-Frente-Gef.jpg?sharp=1&height=400&width=400;GEF;MANGA 3/4
723138;7703081567105;https://aatdtkgdoo.cloudimg.io/v7/http://www.gef.com.co/wcsstore/CrystalCo_CAT_AS/2020/GEF/ES-CO/Imagenes/Mujeres/CAMISETAS/Loren/1000x1263/Camiseta-Mujer-Loren-Blanco-900-Frente-Gef.jpg?sharp=1&height=400&width=400;GEF;MANGA 3/4
723502;7703081578316;https://aatdtkgdoo.cloudimg.io/v7/http://www.gef.com.co/wcsstore/CrystalCo_CAT_AS/2020/GEF/ES-CO/Imagenes/Mujer_Adulta/CAMISETAS/Liny/1000x1263/Camiseta-Mujer-Adulta-Liny-Negro-Intenso-799-Frente-Gef.jpg?sharp=1&height=400&width=400;GEF;MANGA CORTA
723502;7703081578323;https://aatdtkgdoo.cloudimg.io/v7/http://www.gef.com.co/wcsstore/CrystalCo_CAT_AS/2020/GEF/ES-CO/Imagenes/Mujer_Adulta/CAMISETAS/Liny/1000x1263/Camiseta-Mujer-Adulta-Liny-Blanco-908-Frente-Gef.jpg?sharp=1&height=400&width=400;GEF;MANGA CORTA
723502;7703081578330;https://aatdtkgdoo.cloudimg.io/v7/http://www.gef.com.co/wcsstore/CrystalCo_CAT_AS/2020/GEF/ES-CO/Imagenes/Mujer_Adulta/CAMISETAS/Liny/1000x1263/Camiseta-Mujer-Adulta-Liny-Negro-Intenso-799-Frente-Gef.jpg?sharp=1&height=400&width=400;GEF;MANGA CORTA
723502;7703081578354;https://aatdtkgdoo.cloudimg.io/v7/http://www.gef.com.co/wcsstore/CrystalCo_CAT_AS/2020/GEF/ES-CO/Imagenes/Mujer_Adulta/CAMISETAS/Liny/1000x1263/Camiseta-Mujer-Adulta-Liny-Negro-Intenso-799-Frente-Gef.jpg?sharp=1&height=400&width=400;GEF;MANGA CORTA
723503;7703081578439;https://aatdtkgdoo.cloudimg.io/v7/http://www.gef.com.co/wcsstore/CrystalCo_CAT_AS/2020/GEF/ES-CO/Imagenes/Mujeres/CAMISETAS/Manu/1000x1263/Camiseta-Mujer-Manu-Blanco-908-Frente-Gef.jpg?sharp=1&height=400&width=400;GEF;MANGA LARGA
723503;7703081578446;https://aatdtkgdoo.cloudimg.io/v7/http://www.gef.com.co/wcsstore/CrystalCo_CAT_AS/2020/GEF/ES-CO/Imagenes/Mujeres/CAMISETAS/Manu/1000x1263/Camiseta-Mujer-Manu-Habano-8358-Frente-Gef.jpg?sharp=1&height=400&width=400;GEF;MANGA LARGA
723503;7703081578453;https://aatdtkgdoo.cloudimg.io/v7/http://www.gef.com.co/wcsstore/CrystalCo_CAT_AS/2020/GEF/ES-CO/Imagenes/Mujeres/CAMISETAS/Manu/1000x1263/Camiseta-Mujer-Manu-Blanco-908-Frente-Gef.jpg?sharp=1&height=400&width=400;GEF;MANGA LARGA
723503;7703081578460;https://aatdtkgdoo.cloudimg.io/v7/http://www.gef.com.co/wcsstore/CrystalCo_CAT_AS/2020/GEF/ES-CO/Imagenes/Mujeres/CAMISETAS/Manu/1000x1263/Camiseta-Mujer-Manu-Habano-8358-Frente-Gef.jpg?sharp=1&height=400&width=400;GEF;MANGA LARGA
723503;7703081578477;https://aatdtkgdoo.cloudimg.io/v7/http://www.gef.com.co/wcsstore/CrystalCo_CAT_AS/2020/GEF/ES-CO/Imagenes/Mujeres/CAMISETAS/Manu/1000x1263/Camiseta-Mujer-Manu-Blanco-908-Frente-Gef.jpg?sharp=1&height=400&width=400;GEF;MANGA LARGA
723503;7703081578484;https://aatdtkgdoo.cloudimg.io/v7/http://www.gef.com.co/wcsstore/CrystalCo_CAT_AS/2020/GEF/ES-CO/Imagenes/Mujeres/CAMISETAS/Manu/1000x1263/Camiseta-Mujer-Manu-Habano-8358-Frente-Gef.jpg?sharp=1&height=400&width=400;GEF;MANGA LARGA
710516;7703284319891;https://aatdtkgdoo.cloudimg.io/v7/http://www.gef.com.co/wcsstore/CrystalCo_CAT_AS/Gef/ES-CO/Imagenes/Mujeres/PANTALONES/Lenis/1000x1263/Pantalon-Mujer-Lenis-Negro-Intenso-799-Frente-GEF.jpg?sharp=1&height=400&width=400;GEF;
710516;7703284319921;https://aatdtkgdoo.cloudimg.io/v7/http://www.gef.com.co/wcsstore/CrystalCo_CAT_AS/Gef/ES-CO/Imagenes/Mujeres/PANTALONES/Lenis/1000x1263/Pantalon-Mujer-Lenis-Negro-Intenso-799-Frente-GEF.jpg?sharp=1&height=400&width=400;GEF;
710516;7703284319952;https://aatdtkgdoo.cloudimg.io/v7/http://www.gef.com.co/wcsstore/CrystalCo_CAT_AS/Gef/ES-CO/Imagenes/Mujeres/PANTALONES/Lenis/1000x1263/Pantalon-Mujer-Lenis-Negro-Intenso-799-Frente-GEF.jpg?sharp=1&height=400&width=400;GEF;
710516;7703284319983;https://aatdtkgdoo.cloudimg.io/v7/http://www.gef.com.co/wcsstore/CrystalCo_CAT_AS/Gef/ES-CO/Imagenes/Mujeres/PANTALONES/Lenis/1000x1263/Pantalon-Mujer-Lenis-Negro-Intenso-799-Frente-GEF.jpg?sharp=1&height=400&width=400;GEF;
651439;7703284639159;https://aatdtkgdoo.cloudimg.io/v7/http://www.gef.com.co/wcsstore/CrystalCo_CAT_AS/Gef/ES-CO/Imagenes/Kids/Ninas/SHORTS/Gabelo_Kids_Indigo/1000x1263/Pantalon-Nina-Gabelo-Kids-Indigo-Azul-indigo-28591-Frente-GEF.jpg?sharp=1&height=400&width=400;GEF;
651439;7703284639173;https://aatdtkgdoo.cloudimg.io/v7/http://www.gef.com.co/wcsstore/CrystalCo_CAT_AS/Gef/ES-CO/Imagenes/Kids/Ninas/SHORTS/Gabelo_Kids_Indigo/1000x1263/Pantalon-Nina-Gabelo-Kids-Indigo-Azul-indigo-28591-Frente-GEF.jpg?sharp=1&height=400&width=400;GEF;
651439;7703284639197;https://aatdtkgdoo.cloudimg.io/v7/http://www.gef.com.co/wcsstore/CrystalCo_CAT_AS/Gef/ES-CO/Imagenes/Kids/Ninas/SHORTS/Gabelo_Kids_Indigo/1000x1263/Pantalon-Nina-Gabelo-Kids-Indigo-Azul-indigo-28591-Frente-GEF.jpg?sharp=1&height=400&width=400;GEF;
651439;7703284639210;https://aatdtkgdoo.cloudimg.io/v7/http://www.gef.com.co/wcsstore/CrystalCo_CAT_AS/Gef/ES-CO/Imagenes/Kids/Ninas/SHORTS/Gabelo_Kids_Indigo/1000x1263/Pantalon-Nina-Gabelo-Kids-Indigo-Azul-indigo-28591-Frente-GEF.jpg?sharp=1&height=400&width=400;GEF;
651439;7703284639234;https://aatdtkgdoo.cloudimg.io/v7/http://www.gef.com.co/wcsstore/CrystalCo_CAT_AS/Gef/ES-CO/Imagenes/Kids/Ninas/SHORTS/Gabelo_Kids_Indigo/1000x1263/Pantalon-Nina-Gabelo-Kids-Indigo-Azul-indigo-28591-Frente-GEF.jpg?sharp=1&height=400&width=400;GEF;
660152;7703284877278;https://aatdtkgdoo.cloudimg.io/v7/http://www.gef.com.co/wcsstore/CrystalCo_CAT_AS/Gef/ES-CO/Imagenes/Kids/Ninas/PANTALONES/Jani_Kids_Fondo/1000x1263/Pantalon-Nina-Jani-Kids-Fondo-Gris-7207-Frente-Gef.jpg?sharp=1&height=400&width=400;GEF;
660152;7703284877285;https://aatdtkgdoo.cloudimg.io/v7/http://www.gef.com.co/wcsstore/CrystalCo_CAT_AS/Gef/ES-CO/Imagenes/Kids/Ninas/PANTALONES/Jani_Kids_Fondo/1000x1263/Pantalon-Nina-Jani-Kids-Fondo-Gris-7207-Frente-Gef.jpg?sharp=1&height=400&width=400;GEF;
660152;7703284877292;https://aatdtkgdoo.cloudimg.io/v7/http://www.gef.com.co/wcsstore/CrystalCo_CAT_AS/Gef/ES-CO/Imagenes/Kids/Ninas/PANTALONES/Jani_Kids_Fondo/1000x1263/Pantalon-Nina-Jani-Kids-Fondo-Gris-7207-Frente-Gef.jpg?sharp=1&height=400&width=400;GEF;
660152;7703284877308;https://aatdtkgdoo.cloudimg.io/v7/http://www.gef.com.co/wcsstore/CrystalCo_CAT_AS/Gef/ES-CO/Imagenes/Kids/Ninas/PANTALONES/Jani_Kids_Fondo/1000x1263/Pantalon-Nina-Jani-Kids-Fondo-Gris-7207-Frente-Gef.jpg?sharp=1&height=400&width=400;GEF;
660152;7703284877315;https://aatdtkgdoo.cloudimg.io/v7/http://www.gef.com.co/wcsstore/CrystalCo_CAT_AS/Gef/ES-CO/Imagenes/Kids/Ninas/PANTALONES/Jani_Kids_Fondo/1000x1263/Pantalon-Nina-Jani-Kids-Fondo-Gris-7207-Frente-Gef.jpg?sharp=1&height=400&width=400;GEF;
